,qname,teloBPLengths
0,004418a5-34dc-4a24-b06e-64da975d612e,3228
1,0073fa02-facf-4d2c-add7-e31ca29f18b1,132
2,0152ae1d-8c49-4a24-8428-3eb449d3d969,3546
3,03b05f39-3947-40f3-8d76-5c965d1ff1bc,138
4,049f602b-2b66-4765-bc67-62f57ab186c9,3708
5,0029c921-e7ca-4d8e-b7ca-ae43089d0c01,3636
6,009ffac9-9648-4241-b112-e4e32a2eb5a1,3066
7,00a10fbd-275d-47f6-b9c7-87eaf058226d,588
8,016ef48c-08ca-4c2f-b385-fa4ab9435194,2934
9,02bfe233-19f5-4965-a4eb-212fbd96fa07,144
10,03324f15-8bd2-4a86-84a8-a598908b14eb,3486
11,0364ab98-4ef9-45f1-ba23-43d9847c30a4,3450
12,03ed179a-38d8-4f01-85d3-8c18e9980155,48
13,049f4e89-d0fd-41cf-9d34-6b1e5331ac5e,3330
14,04bfef56-d047-4e8a-ac80-efc9e8d7381c,5472
15,059a7213-87d6-4383-8953-b812240e1c60,192
16,05e94dd2-03bc-44f8-8ced-01bee49b8a5a,1782
17,0636b3c3-01a9-45e1-9e6e-2cacd134e22b,2676
18,0677759d-0eb9-4dac-8e26-740b29d54642,2682
19,07588fcd-6815-465c-a41e-c8ab9fc6cf25,822
20,0805a62a-61ae-4094-9897-137f178d4c64,864
21,0810c13e-0664-4bf7-9a2a-91377d8f37a3,2154
22,088e7743-3bd3-4384-aaa5-3620f60e5523,18
23,0966d260-b804-4c65-a7d6-eb675b5bb478,120
24,0971c15b-2b41-445e-b5aa-49773f845fdc,4236
25,097fbe75-c178-43e4-85e5-8e048c955372,3348
26,0106368d-1c26-4c08-911b-b88f1fb17442,3996
27,029956c8-537a-478f-b9ae-e7b8efc7c7b7,3246
28,02fec1eb-b226-4889-a139-3837fd712cda,2442
29,04767625-778c-4af8-845e-8283cb503e23,2724
30,048accfa-b62a-4202-9892-2d0d4752416d,2544
31,0508ecd4-c605-4e49-bd9f-d60c73f2ec89,1314
32,05f89e7f-6a4b-4551-8220-efdb64c116de,2898
33,07c1fe99-1cbb-4cb8-99c5-7bdf254f4693,1596
34,07d5e61b-efd7-4d1e-8061-f95214026f62,1170
35,0888228d-0d5a-4bee-b97a-882ee524f0fb,24
36,08faf7ee-5615-4512-9268-13d07c8800da,4470
37,05b7df12-4f66-486b-a3c9-874b9778ca3a,4770
38,0673385d-943a-4426-ac09-baeca5ec0aba,366
39,0ad4a0c9-b8f5-4023-be49-8546d152ab4c,3048
40,0b18cdfe-fe19-4ee6-bd5f-28f59e57fce1,2388
41,0b3511e8-b873-45cb-b2d0-0b1e098e4ff8,6
42,0bc6b2a9-36be-48a8-bbed-3604fbc630af,2130
43,0bd66c71-df3a-44db-8cc4-9248430b60c4,858
44,0c4d30f2-b42e-495c-afaa-a8b12def4af0,150
45,0cbec92e-6830-4586-8944-ee30c875b146,2700
46,0d0da55c-83b4-459f-ac47-fb9e118f6dff,1968
47,0e1822fd-229b-4406-b445-6cfe94958fa5,264
48,08c54e7b-1fc2-41dd-a686-da91bd48412f,174
49,08c9f56c-1ead-4d29-b73a-d7bc5156d3fe,3846
50,0a7cac32-bbd9-4ec4-a268-570871a7f2af,258
51,0ba73a3d-7665-4e4c-b193-11734aa3c430,3864
52,0c48eb0f-c916-4444-aa42-456656fbdd1e,1098
53,0d4a0c32-5504-4cad-bf50-80d3d2c44bc1,150
54,0d7538be-8b0f-41e6-aa99-efa511207114,228
55,0de491f0-7e3c-4ac0-820d-49702611207d,4176
56,0f9a5708-a01f-42ab-8a23-4beb57a19178,168
57,10774c4f-f96a-455e-a171-69f116687458,3216
58,11015cd4-9f5a-4736-950e-76f9d5b94fe4,2040
59,125f5ae8-7145-4a73-ade2-fef76caee5bc,2874
60,1599935c-4d5e-4787-b17b-e0044123ab19,3762
61,16c7b413-79db-495e-ae0c-ff0ef299ea2a,162
62,17a9c0ef-7ef3-4fe8-9f3a-f327187a5ace,3804
63,18f3daef-f9f9-4642-a0dc-434d187c7342,4308
64,0f61d204-0041-4814-b6f6-c36e9d965c1c,2820
65,080f3bd4-eb45-40be-832e-06113795ec9f,2130
66,08e39a59-53f8-4070-b124-61c78f4118f5,2388
67,09e5a306-9150-445c-bc06-8a1b3b7b88e4,3672
68,0a5c7cc2-50d8-4307-a874-3067c418075d,2436
69,0b731ebb-824f-4875-a568-d81671c7c386,2208
70,0bf37962-243e-4ef1-8098-e3f76eafbd46,336
71,0d1c71bc-06a1-4bff-8297-3a6cfa03416e,6606
72,0d2988a1-8087-47bd-b62e-174a8e0eea6f,60
73,0dc90629-379c-4bf0-9af9-982cde8830f3,2508
74,0dda957d-c612-47f6-8fe5-858b35c4c3c7,4848
75,0eb2693f-177b-410d-9aa5-4f7cccdc7159,3534
76,0fa01986-d3d9-42f7-ab87-0af1cb24c384,3414
77,0fb3212e-556e-4b35-bbf4-7c8de87a8d4f,384
78,1078176d-a33d-4364-86be-3682c7ad0da3,6264
79,1128e823-f646-4979-9392-f4f375717c9d,1986
80,0e5b19f6-5351-4b33-8607-2dd2e7f18a05,186
81,0f631545-e417-44ff-b309-22398b7b78d0,5136
82,0fd1a96c-32fb-4ef1-b2af-40f80e5365d5,102
83,107f518c-31ea-484a-9803-f090684b815c,2208
84,117490bb-0cf1-4c75-9a88-235e38dfbe1b,2952
85,127114f0-323b-4068-b417-90382df7b7dc,114
86,1907652e-3541-426c-b53c-17cbd4bc1e52,6024
87,199655bc-52f2-4b7d-ae54-8a5b14ef8553,2712
88,1abca525-da5a-4212-b3b5-081c965e681a,2460
89,1b156f90-6b34-4e8a-af5b-422e778250ba,3120
90,1beb6d81-7d66-43e2-a227-87b0dcbfacc7,12
91,10705ce2-d6a9-401c-baa1-d73a9d162ee7,2766
92,10e38fc3-4ced-47b8-bef1-a1619a67b60a,5022
93,118540a5-4b38-41ed-961e-9b9c6c21d144,6018
94,12602628-df04-45b6-afc0-9a126fa60762,744
95,13eb0124-b6f1-4736-886b-49fafcb3e82d,84
96,14ff8fcc-0211-4b26-acf2-3fd0b8003bbf,4134
97,15141bb0-eb2a-488a-8674-8804e78ee80e,4350
98,154f9956-a621-46f9-a29a-a4ebb6811e56,3846
99,12dcafea-9406-4a11-ae28-ebab3f7d1e53,366
100,137bd7bd-d600-421e-ba02-0ab16a5662ac,60
101,14b7db71-91b6-412e-9413-76234390664a,4434
102,165c6bde-8cd3-4df8-bd40-5f37ca7fb8f5,1656
103,173b4b18-a27e-4ee4-ac07-8a3e2f1aae26,3336
104,181bb0cf-8078-4ff2-88ad-3bf0c33e86d6,3000
105,1db221ae-a874-456f-acda-0ea2cd24f811,5148
106,1edd2315-6652-4708-9654-d25343b25190,498
107,1fe07c03-b496-403f-a5c4-626056058264,3810
108,20cf2ee2-ea3d-4831-b447-aff1b538ecc7,6102
109,2258c7d2-44ff-471d-919c-365736ec8ced,288
110,237c8055-224d-42d0-9495-894997feead3,2658
111,23cbe50d-7323-412c-9afb-7fb88bee12ef,2010
112,2433a827-0948-4d6b-bbaf-15e350ef930c,12
113,25abb417-68e3-46f6-a237-541ae803f0c9,54
114,25e2aaf2-0e6b-4446-a191-435962008a21,3852
115,26447c2a-fa63-4600-b45b-84c8409701d3,4524
116,17c10a86-aad7-4139-aa00-a2ea33082c8e,4992
117,17e334bf-bdef-4b04-a1c7-18b858b6cc59,108
118,271e4c48-f2f7-4216-b967-77fa8014c1ff,18
119,1792120f-59f0-4fde-8598-70615855f97a,2538
120,18ad1084-203c-4b63-b5c8-df9dba4c5815,2748
121,185273a8-d799-4b15-bee4-a09c9a60e0dd,2544
122,19033ab3-557e-46a0-955c-994b93b0d8ce,2208
123,19711a5c-f410-4398-9a92-4d9892c0298e,3750
124,1a853380-5908-4d2e-82cb-d7e9a1a65530,1992
125,1aeada0c-4ed8-42d2-8e97-b4e6159a6b60,2058
126,1b2fddaa-f6da-449b-b4ed-8826f6e8f05f,4500
127,13338c74-8d6f-4944-a094-58eed58153f0,5814
128,1893ed69-9dd9-4b73-b222-0f21fe1aa5ca,204
129,18a90fd3-d992-46dc-9cc4-39c3c0bb69f8,2322
130,190a0155-1b35-46e0-8231-a6a77f4e91a5,5388
131,198149f9-adb3-4c50-8702-1b67e8d405a2,4458
132,1a346fef-460d-40a1-b5df-08dae5b9abdb,2586
133,14ce971e-b6e5-402f-a229-9d115e6088cf,2928
134,28296e3b-aa65-4c3c-8dd9-21f5f5bd0503,120
135,297888cc-bdf8-4e09-8ac1-195cea9a8c7a,3738
136,2a238095-d9fb-4502-a335-f7dda3eb8b84,2220
137,2be0c816-2baf-457d-a20c-7205d5bba6e4,840
138,1613c0d8-454c-4ce0-a065-e72f69c64efa,36
139,2bd0a0c6-be55-4ab5-b6b2-7a865a5ba1b7,42
140,2bf6830c-5ab3-462a-ada0-8d8bcce2fd3d,3606
141,1b422fa0-350f-4878-a176-7c7c5d5dd68c,3138
142,1d4e7f5e-86d6-40b9-9573-172298bbda4a,318
143,16cf1925-bf18-4c92-8cfd-cd179f803adc,2484
144,16e6114e-da83-4872-9163-db09bc83df58,4734
145,17f3ad41-3ddf-4135-9391-c36612a03d30,186
146,1800419a-c758-406b-8432-e9e42616fdef,372
147,18f49616-6483-4f5c-8fef-80fe3ded65d0,60
148,1d901302-a50e-42cb-a924-1baa40dd2f2b,3534
149,1e61ce34-691d-4519-8321-88eab2bf2075,4560
150,1f280462-9bbb-473c-98a4-d0c51b168a85,1524
151,18b9735a-058a-4d5f-b820-a911b3690b14,3792
152,193c946c-0015-43a2-a667-bb7dfe07c088,2904
153,1daf7f19-0240-4d03-89c3-7484a2916a72,5268
154,1ea5c6f3-04d9-4975-9694-e85b72d0d108,3900
155,21f4b14e-1255-4cac-a56d-75fd7d5de3ce,3288
156,2e1cb466-193f-445a-86cf-ba5c6904e538,5952
157,30f29f54-bb1d-4e8f-b39c-6024fa12f0fd,3228
158,31bef312-8cc7-414f-8360-e813f7f51004,5022
159,31e0650a-a3d4-459e-ad52-1dc0edc9d2e7,114
160,3363c2f3-ea64-429b-b5b1-623af7f4a582,42
161,33599931-cb1d-4d74-b6c5-1632512b9da9,7128
162,34bbb3a1-3643-4655-af74-2d3d4a37a87e,4188
163,3562d2c6-a2f8-4de3-a4a5-118df1e84260,4518
164,22f7c422-ae3b-4a1d-9046-846cc133b8e8,4386
165,23f1d40b-7287-4259-bfd0-274ea57cc572,1986
166,24e3f2f2-8b50-4366-90c4-bd6af7c1e1d9,3114
167,25688881-dc29-4767-9773-f9b9989d54d8,132
168,2607442a-1c3e-4ef0-a2b6-1e848db1516e,2106
169,2652fd7c-46b9-4e3c-862c-62c3fd29e585,120
170,27663854-4ed7-42f1-baec-1d62fccc10ae,4776
171,2878e759-82ab-4d44-bd5e-f0b8ecf360c5,444
172,1fa7df56-4073-4738-9c6f-d14716196144,234
173,20630122-39e5-4298-a80c-faa2913316e1,3072
174,245bd075-288e-4ea2-803e-819b63b9f9a8,84
175,25a0500c-71ac-4c8a-b878-bbb118334e75,2706
176,3621c553-6e67-40a4-9961-175ff9df6ec1,3180
177,375ec19e-c6be-4e3e-8fb8-99b4bb6f28c0,4320
178,3781c721-fee4-478f-834b-46bc9a704595,516
179,37880388-cc79-4437-bfa6-9bc16d2cf05e,4104
180,3897eb0d-7ca7-4e05-a1f9-4094900ffa82,5190
181,24aa182d-ca53-473a-8aae-f634481421b1,5100
182,2630d5be-8363-43ef-9df6-203a9f339751,342
183,26504154-2009-40d1-b915-78867fbdb64c,2796
184,26ca2a9a-2b27-4137-965b-9084a6f7ae82,3252
185,298fed62-bab7-4f2c-8681-73a66dc69565,2232
186,29b54cc2-2e74-43b8-b13f-ac7f2761e92d,2196
187,2b8ddb20-57d8-4e3c-83b6-523a04094ba2,2016
188,2d042057-b437-4451-a2bd-b91369e88234,1680
189,2fbaef19-01eb-43bf-a1c6-f9f1f776c6b9,5634
190,39d2d5cf-f371-4121-a582-02923c9551d2,66
191,3ab30369-d657-47c6-abed-bc477b0c110d,120
192,3ab6d59b-054c-4e09-8052-c94bdcf1b48e,138
193,3cf0c3ec-9bfd-45b0-9218-001c1fb3698d,6480
194,3da8de8f-3164-4474-8530-3b4f60d76048,4128
195,3e1519f5-8fa6-4ba8-a53c-2d07ecade952,2202
196,19982cb0-ba65-4964-ac0d-b7dca9677a33,4374
197,2fe3765f-9a58-403d-b381-5e5a4aeae341,228
198,3126c49a-8eca-4f25-ad01-2be8062711dd,1974
199,27b771bf-a13e-42f4-9972-7cb5e74223ff,3318
200,28fc8f20-63e6-43f8-b02e-c8f4cb973386,132
201,2a07ea58-b3c7-45c0-acd1-3129409a5409,210
202,2a1389f9-d15d-4366-b097-1d649d55b8da,3258
203,2bf1c15a-cd91-4f9b-88ae-f1a9f88fe11f,438
204,2cc709e6-691e-4ee7-83ed-55608a786161,1956
205,2d660145-c1aa-4633-98c4-edc7dee8b445,1620
206,2dee541a-ec60-43b0-83f1-ad696314d272,3042
207,2defb7ec-5fee-4c84-8255-69d5bb3db700,2694
208,30e177ba-ddb4-4e78-84d7-c542c42f4710,2094
209,3efaa8f4-5100-4def-98a8-2d2866c7313c,1722
210,4055ebd1-57fb-432e-8b62-3bec46a1662d,4134
211,41343580-299c-4cc2-99ee-b19bc1b5c3dd,3534
212,306053df-2c9d-4ebc-b89e-89f89e4e903f,2820
213,30e0c0e4-b542-4a63-8e42-1992f2be6c41,3492
214,319f1c2f-4e74-4f64-b511-9fd97ce779fe,5898
215,42aa7b92-6ff1-4a82-8cf1-ae572030c1b7,2796
216,43c90036-37d0-4ec0-9fd2-74c619978d5a,8178
217,314f2051-ed3e-459a-be82-5b5fa452b91a,144
218,31c3ad1b-3b22-4204-8a77-80d21324f969,4140
219,448ab1e7-6bb0-4133-b314-e696b848a013,3498
220,461c2cc8-c8ed-4328-b74f-d5e4180d344e,2844
221,46413e78-2bf8-46ba-a9b5-8ad6840ed609,372
222,470825c9-6fe6-423a-8621-5c34a4b3bf96,8046
223,3285dca3-02d0-4492-b5e9-dadf92c15d07,2586
224,328d1a96-938a-4dcd-8009-3f96436e0fa7,570
225,1aea7ea6-4fee-4b72-b6ec-644db3f8604d,3948
226,1b3dfcd5-8867-4df0-bb55-4c6004ba9ca1,3402
227,1c3e7f10-7158-4071-97f2-76a60d9d0508,4710
228,1deb58fa-e532-4c2b-962f-d0754f951f46,4920
229,1e16a9ec-556e-49b3-bef7-173e122cd2f5,180
230,1f1adee5-e264-4323-8c5e-19c4e58d3d54,2028
231,32d03659-dbaf-4afc-8770-d1edfeafbbf7,4218
232,32fd0ebc-65af-4311-8048-830060ba49c0,270
233,3418d34e-f0c9-4707-a6fe-318ba86a244c,150
234,4807f14f-56a5-4763-afe5-72c03b41093a,3246
235,4871cd32-72d5-41bc-b6c1-66a883ec8865,438
236,35f358db-1f03-4f56-8f58-4e34725d246f,3948
237,36d80fe8-97fa-4fdf-9ee6-ba3d61bbd11c,1836
238,3724cd4f-0daa-4bc3-91af-9c595bcdc046,3942
239,37e5fa57-33d1-4a60-b99a-c5d2b1434e52,1566
240,1eedddd1-9ae9-4009-bc67-867b5b0e952e,3666
241,1fde1993-1a07-4fa1-881f-ca0e745820da,3216
242,20d914fb-180e-4511-b0d6-34c6c2394035,60
243,39675f20-33f5-40f0-8c3d-535875641ba5,2814
244,39f40c2c-a3f3-4433-9aac-c1f6fcb76969,4830
245,2104760c-1bf3-4d7b-80f3-dc50eccd5ac2,48
246,214110af-8b23-441f-a951-0b8e9d2e975e,5202
247,4973484b-021a-479b-8fe2-34d8e1cb6e32,1848
248,4a0373cb-4b28-439b-be08-ee48705b6803,3474
249,4c5f7f21-fe4c-46b8-a412-6bec121c48d0,3114
250,4cbe6f97-bf0e-4643-b23c-a22a0899086e,4644
251,4cedf6da-f50c-4252-a217-6520df4a93c7,1578
252,4dccd2d0-c93b-4baa-bea8-86c9f62e3b69,2778
253,4f9389d4-da47-4c5c-8fcd-117cb2f2857b,2880
254,50658553-1299-4923-94cb-ceb80df0a97e,4440
255,344774fa-e2e3-47de-88b6-0c7f158259c3,30
256,359e12d3-1717-4e64-80ac-1500cce79a1b,2712
257,35fbd43c-77f2-4e8b-9e90-ed651a24d67b,3702
258,3ae1751d-0ff4-435b-a804-4e3d51961fed,4740
259,3b26c61e-a8fa-46bf-8434-70ab0eb42919,8400
260,3d483ce5-2acd-41d0-8e35-1750c4bc1e0a,2838
261,3dcff548-aeab-47ae-83a2-95e41ce985f4,456
262,519599e8-0a3f-4bba-99f5-ea44a4d65bd8,2808
263,51a585c8-288b-46a2-9776-e23df9346298,3156
264,21eed0a5-152e-4b31-9cc4-96d59b9cf7e8,606
265,225f2a81-f473-4b38-8b7e-ea5f688e1932,1998
266,22cd1453-07ad-415e-94c8-c1cbfbc0a31e,4554
267,23cbf665-8e34-4bf9-8f2e-772ec42b5fd5,2532
268,23db9c66-9ad7-4f70-b175-e09417a7ed3f,2592
269,24b683f1-5a0a-4ec6-a14e-c086071bda53,2766
270,24de7998-7bd9-4c58-8093-d1d8293d8eda,4740
271,25ed23ac-7940-498f-8be3-2114661c2513,1956
272,26c0e545-addb-4735-9e6b-0497e401171d,294
273,2723f106-4060-4924-a61c-69f04cedc653,4458
274,5284ee00-0eab-45b3-af33-e27eadb1885b,3306
275,531ad691-6c45-41a7-b833-282b595b7666,102
276,5473d1d1-bdc7-4acf-8b8d-c1c0e4ca599f,2196
277,556dd94b-6446-4202-8773-39e2973827b9,5202
278,5798e6fc-73cb-4e72-b211-c25bf771eafc,4428
279,57dcebe4-bc41-44e7-a9bd-50681c63c93f,2112
280,2868d6d5-6a71-4a3c-b38e-3bb58ee10264,138
281,297985aa-ebf0-4b39-8da7-6bc7a989a6b2,3390
282,2b459ff4-42b5-4c52-a451-d8c2ac2ecfc3,3492
283,2c9097f7-df4c-436d-bb4a-6868864cdcb0,120
284,2cf5bc31-0a63-4f5f-a40f-81503e03b0f2,180
285,2e4fd90e-0610-4c5c-9e6d-37e6e581bc9e,5070
286,2ed24d86-876c-477c-88e2-77ba6161d7a9,3042
287,5877a23a-26ab-4457-830f-6da6a1bfda82,7128
288,58b85f2e-cfa9-49a8-9eca-f74849d12d41,1866
289,58cfd553-d117-4e0c-a124-0d9b7bfe4f8d,5604
290,59cfcde5-f1b8-40dc-a98b-ba94bc96704c,3978
291,5b374286-216a-4772-9804-10cdd38d55cf,3198
292,303333d5-4266-49ae-86b0-5944b7e82f70,4824
293,361e718a-ff00-4576-bf5b-8891e9f38e12,4980
294,31228e15-ac85-472a-b440-bdffccd89099,3450
295,31abc01b-048f-4632-a7f0-2b2a62a8dafa,5028
296,32c42916-f33d-4e41-9902-d27e93b16828,2184
297,36f6afbb-4424-4c73-9593-9a59b4b95327,8298
298,3df281a0-e81b-4912-bf72-c879cd78a39e,2280
299,3eb89325-e1fe-4c48-ab19-43ce66380414,3354
300,3765c4fc-8d03-48b8-b81c-63224e8221c3,108
301,38b868e1-8153-4d64-bd51-90339967b572,2370
302,39ac065a-8e70-43cc-af24-6c51d4a7d4e6,3432
303,3a6dc01c-1de7-452b-8269-0290e09fd90f,2754
304,3bedbad2-e414-4811-ad16-0951ec082854,60
305,3d83eab3-24db-40b2-b1ab-a2bb97fc7d71,504
306,3e08f8a0-edda-4e99-968b-1d55ab173942,2112
307,3e97e3e9-ce18-4554-b2f7-100f7c3e9f20,954
308,3e34abbe-2a64-4362-a254-8c2efc86e809,7080
309,3f9135a1-ecdb-4815-bd2f-e0c98ab3ba89,90
310,401dfb98-86b8-40ce-bc96-cc2946bca6a3,18
311,42a2613d-b336-4994-8a9d-e63050872840,2508
312,3412f091-bdf4-490b-82e8-70c8f68ce5b5,66
313,349d00a1-bfd0-4e2c-a9da-0f8123e6b6a1,3600
314,3540ebcf-0be8-43f0-8306-d3d4d72d1bd0,2346
315,35759a8f-81e8-4c72-8f6f-1f01a53f12e6,102
316,363db292-196f-4f4b-a336-358174e841a4,6066
317,3fcca979-54a7-4104-a68d-1d4b56c0e343,1104
318,40d6eea0-cbdc-4394-bf2a-f8295691613e,186
319,427d63ed-d10e-45a7-b378-41981805d512,3588
320,43636654-90ea-43db-8f12-8c39ed47ef2d,180
321,443aed1c-cc59-4a18-902c-17ff1d45a900,1074
322,444e01d2-a70a-43cc-aa4f-32d47676de3c,8568
323,4477a7df-5cd5-4384-89a3-6a0541075297,2748
324,44f2001d-3bfd-40fa-a97a-3a2221327513,594
325,45df7888-7ab3-418a-be54-739e902bf4a8,2928
326,463e99e8-776c-4663-b836-894bc1be4dd8,4302
327,5c77ae10-d0fd-4a88-9ab4-aa665ebe2318,3276
328,5efca11c-7fb8-4248-815d-2bf5198b989a,1584
329,5fcd999b-f767-4219-8b04-aa0f88ff6ff4,3750
330,3667fe92-1517-4c22-92eb-53ed1ede5928,4236
331,37527933-ea5e-43f1-a8b6-af1888613dcf,402
332,375f9338-7e5c-4a40-bc12-27f4360e0806,4038
333,46403e8f-44ac-42d7-911d-ac32f8b0b577,2682
334,609b4265-fe97-4cf4-bc75-50e5b538dfc3,4074
335,46dd2212-6df3-4e3b-ac74-1f46416693fa,78
336,37cde3f6-b40d-4e05-a572-c2eca078fdb0,156
337,37f69f42-781b-4873-a35b-97da890dbcd6,3594
338,387ae135-25af-49d7-bf45-2ffbc65017b9,2160
339,464c97ec-0e38-4acb-84f1-aee42d558755,2712
340,47ac152a-1e47-4c6a-ac3e-f1c7dd42021e,3408
341,48827ac9-98f9-4c24-a31a-2a38e6eac37b,450
342,49d7fd45-0ad0-48ae-9e23-5f89f80d5ada,3672
343,4a4eca6d-2313-409b-acf0-157118d3f42a,3264
344,61937de7-47ad-4135-924d-afe959872b89,66
345,625926d2-ebc9-44a8-a4bf-8070f2163f69,3534
346,62a27102-d69b-4ef2-9b52-ab54216b6b4d,144
347,62f04d34-66f3-44ab-a316-d1fe7d7926f5,174
348,63278d9a-c335-4742-92db-5e19b841bd50,30
349,39d7a254-6ad9-41ed-bcc1-ca73d0ae5b76,468
350,39ef7033-5915-40cc-a816-bec0341100a7,4704
351,3aaee9d9-459f-48a6-ac3b-2f392f630dc4,2178
352,64621477-bb59-4be5-a873-cf73b5722fe8,12
353,48038c75-ef25-4b76-97bc-094022722d14,3504
354,48c2e978-e76c-470b-baa7-e84a04753a3b,3114
355,48d201a9-bd1e-4fe8-9c19-7032136fdba3,216
356,4909391f-38a7-4a46-92dc-07620c09facf,132
357,496f936b-0a37-4296-b40e-d6119ea01037,3906
358,4eb57c41-4746-45cd-9724-75ba3e381b47,3444
359,4ffa6678-5fbe-4df9-917a-0788cce0be5a,3798
360,64fb4ed1-b05e-4966-96f7-6e808911c9fc,2190
361,64fa5dd0-8d53-4775-a6d8-e8ca827868e3,5058
362,65d56eb7-07da-4aec-9689-a80dbf86ae96,60
363,66cfb604-cd2f-4698-98cb-7af83b72b657,3084
364,3cf1e810-a3b7-42f8-ae2e-c845652f9b61,54
365,3dc4f0e9-9846-4cce-9b3b-0edc5445ac32,4698
366,3e32427e-1860-4b2f-8945-bdf73b95d62f,12
367,3f4bf313-4866-434e-8fd7-40cbf1c38644,3606
368,3f987193-fec6-495d-968e-a8d2539f533d,534
369,406b7c5f-f91e-4159-bf89-efed9f781539,3498
370,40a7053c-9d4c-4e77-aafb-630c25321081,3726
371,66f18f77-8328-40d3-aab9-66d9273076d2,3354
372,682c8b2d-d903-4dc4-840b-f3c09015d62d,48
373,48a7a647-8063-4b52-ac35-91245497fd49,210
374,4b2088dc-4802-449d-abf2-5ab36e8d3c37,3324
375,51e8222f-81f2-4a39-958f-576fe9f847f1,438
376,6a88ee8a-5d23-4c6e-8ce0-7851c5c47611,3420
377,6bb160cb-40ca-4ce0-b264-7bae3dba7de4,3054
378,6cfa1bb7-7d61-4c45-8f01-04f70f0202c7,1338
379,6d86dc85-4a4a-4a83-8c1d-78864fce37f2,348
380,6e66ee66-0ce6-4ea5-b7f8-cb8084e4aad7,222
381,6e7eddf6-144b-4c5b-b214-adde97d2ac60,1866
382,7044d7e3-b9d4-4d50-a019-cd3b34bb5f8b,222
383,4b2509e0-03e4-4425-98a2-3999af2a80da,5010
384,5214f8f4-9869-4401-8d26-2e1eb7c23f77,246
385,72a67618-b9a8-4829-9e18-10ec35237e09,5130
386,7346519c-8a6d-4201-8c65-73361e428251,2568
387,7394f288-faee-4fbd-bf27-efb0a391ee61,462
388,73a7e35a-08f8-42d3-b69c-84af0bcbc069,3810
389,740f7a60-8bd0-4a8e-ab49-e070ed0589cd,4260
390,74f66a61-68e8-4ecb-827d-20c625c26112,1254
391,75b9994c-7713-4ad8-9276-2f60b715a421,1788
392,760c9e10-a2f8-4ede-8b3f-89799595916a,5322
393,767b822b-1811-406d-b01a-afe7d38a9e68,5286
394,41e2f98e-8c0b-48fa-8758-ba04b7e7f2d7,540
395,42779382-b24a-4a1e-a4ed-897a31c4495d,216
396,42f30759-7103-41f2-bea3-eea808848369,3426
397,441dd9c1-6d90-4875-a0fc-8d22b52b0016,4194
398,447a33bd-d231-4411-9532-43e19a950f2f,948
399,46251d19-53df-4bca-a85e-95eaa9bf17b1,5478
400,46c109bb-53d1-47cf-8b34-60c70d42097b,342
401,47ce1bce-62b3-4c78-b765-f9b70bd3da05,2772
402,47d8bc95-2a26-4322-9646-732c13bbb671,2460
403,487aacc5-9528-4bab-b141-59d5fdc58356,48
404,4b33fac4-ac30-4c7c-8d20-e3d70e0efee2,4122
405,521609c2-b70d-4aaf-be9a-d39c0e17d225,156
406,575b8aa8-8009-4aa9-be63-95e0c9736c29,3552
407,57e07fce-68a8-48cb-bcb6-81c8ca738b71,3600
408,57e9df52-db19-4533-bed2-82dfbfbe0745,4422
409,5881b382-4810-4c88-a600-2abc2991934c,3012
410,588b4ba6-5aaf-4efb-871c-20242a662cc7,6264
411,5a864e93-52f5-4c20-8160-2c230761b6ee,3720
412,5b1f9f0f-4df1-4dca-94b3-3559f205a608,4410
413,5b3ee6c6-ea7e-4374-9c73-d803f9c50d70,3102
414,5bc2fc4f-e52a-4f39-8cfb-8e1b93132b53,2172
415,5bac7fb7-5047-4d2b-9943-73c7540dba50,2766
416,48a35fbf-802a-469d-a11f-e6c0133ceed9,4074
417,49f2aaf3-766f-4011-9cd9-4df0300d739f,2964
418,4afb6179-dbd3-479e-aae1-f30b79565955,2862
419,4affdc99-3674-4338-a4d5-f95d2704cac0,24
420,4bf6820d-83b5-43a5-a0f0-9ed9214458ac,2100
421,4c165fff-7fb7-4b1b-98e6-e82b1008f93c,258
422,4d6cc7e6-5edd-4108-a42b-be592bee3900,2916
423,4f85807e-a36e-49a3-bd52-397d4f972906,102
424,779d292b-1ef6-46bc-9a41-646481d251b8,2382
425,7a114798-4990-42b5-a12b-b2a51fee7d63,60
426,7bf6a5d5-6f84-41cb-af70-5f1719fa55e1,4494
427,7c891080-3cb1-43e1-84e5-7fb44643a7e1,120
428,7cdfee14-c0bc-49c8-a4e7-7eb329243762,3672
429,7dc7bd2f-a581-4a66-9288-b5f906756c60,3990
430,503f1ce7-75d4-475d-b5b9-dda6da629635,3582
431,50ae31d6-4779-4367-b163-9c6c1ce07ad5,3840
432,5bf65a54-dbda-4803-b536-9a12bfc103aa,3330
433,5c79dd76-18e2-4a17-bbc6-8bd5e93b1118,72
434,4b5ee422-8b66-4119-bf37-7cf89cb0a39e,138
435,4b8017c2-b910-44f1-b0fc-0bea0b8b672e,36
436,5c95e33b-a769-4b80-a5f8-77c1ee5230e1,4194
437,5f00f858-3bb6-4d30-97f4-643675128332,2766
438,52208e91-43db-495a-bccd-cad66abde084,3432
439,52540a1b-ba61-4b4c-aea4-b2de9a846277,4704
440,7da78b24-9a33-4d00-a1a5-73e6f5fa2729,3882
441,7f792014-de0e-4aae-91c1-83d47b27e288,324
442,7fa88951-540c-4973-9fab-18c9620b156f,4722
443,809e8240-bf96-4cbe-9825-a467699c4cc6,3714
444,543991ca-6cef-4f3f-a0e8-7fc7ce4e017d,306
445,549b3801-eab1-4381-866e-d49a35b5c4d6,4896
446,5f656bf3-1201-47b3-83f5-9ee75139e306,3306
447,602eecdd-c1d6-4e49-b1df-cb375addab72,318
448,61808a43-6582-4bee-8a05-427adf419622,3234
449,627dedc4-6075-4b81-932e-71d585277427,4542
450,62686c23-5358-4916-8202-056e7cd3562c,3156
451,6358601f-8b02-4deb-a79f-da48c88d5789,2454
452,64632ab3-9751-4c84-b6c4-4cfa9ce5493e,3006
453,65049984-a06f-49f7-899b-6ef99857c711,2430
454,6557d056-e572-4e53-90f5-428067bbe2aa,3504
455,67731f68-7c49-4b46-82a7-00e3385d99b7,3024
456,684e6887-dfba-4086-90d8-cd9d18d9d78a,396
457,685c700e-2202-4309-a6b4-3ab546cbaa29,3612
458,4c38cc6b-a9c5-4e34-9fab-357d109892ef,3624
459,4e54993f-ae2e-4b59-a7c7-840e7f4584dc,3300
460,67d94fbc-398d-4949-8e53-a368404610a0,5538
461,6ac4c05e-8f01-41c5-9b0f-cb38533b152f,2394
462,6c19e6ff-dfde-4be8-82f6-ebd524f9fd3e,1554
463,6d88d3e0-56fe-4183-9b8b-92ec531e9ef8,1458
464,81fafe93-f2a6-46aa-9bf7-659625814e5a,2700
465,8338d653-bdb6-4c0b-806f-d13f00c98089,6690
466,846c2da0-ad31-47b4-800a-5044b7f28b18,4476
467,504a3c65-e0cb-4ddb-a47a-e5df21889544,4008
468,8699975f-86e2-4c02-81ba-7c12b2c6898c,5052
469,87dcd9e7-93c9-4b70-9b53-e45edc5f0df0,4122
470,558f5faf-e990-48cd-8758-5b4ac30def4a,1854
471,573391fd-7d88-44b0-ab2b-bc42eea6cecc,6
472,6e101853-b5dc-47a6-8cb4-5c38f7102d72,4410
473,6eaf537d-000f-4907-91ab-9adca363eb76,396
474,6f00f397-60c9-4f0f-a733-65b9d8aa3d07,5598
475,6f3e46c7-5774-46ba-84ab-cc842b73ca32,780
476,57feea59-31cb-4dea-b428-18f4e3580f3a,426
477,5826c2fa-4d28-4acb-89ea-89b2b8ec0926,3300
478,89bcd8c4-bc61-4f5a-a90e-d751b62482ae,2058
479,89fbca00-41ea-4044-b12f-0fdae5f0180a,3540
480,8ac089af-4b2a-46d1-a057-211d533c6000,2622
481,58ed5b07-f313-4d2b-a916-b80f43d5aa81,3240
482,51231593-1fd0-4ea8-ac0e-8932c63d7fcf,3924
483,536b0966-d386-41a0-b1c6-deb9399a06db,3264
484,53d1e312-2c65-440b-94b8-14bba8d0f91f,2694
485,545d0c10-8d31-4ce2-af0d-626bd2af3f0e,90
486,8af2e7d7-6e32-4f74-b1f2-48a5aa3ebdb2,3210
487,8b0ccaf8-0b1a-46ab-a030-78c36d058d4d,5928
488,8cd6eb72-f4b8-4f4d-985b-7cbe26f734fe,2046
489,550ebd58-c1d9-4eda-a8d3-4c97f35ad434,168
490,579119d1-2e81-49b9-94bd-5fe749f0aecd,3822
491,5794623f-7b08-4f0d-9b3a-fef3c8aa521e,2238
492,58111031-6892-41c0-840f-eaf2a61a4130,4416
493,6ff039e3-b212-4132-ae6e-2d003293552b,4314
494,70fcd264-6772-4b82-8467-b8deaa32fb99,2196
495,72d78da5-011a-4a65-aca7-fbee6b615458,4794
496,73364f3b-5c05-479c-ac44-e466e58e8d4e,162
497,58a5323c-0391-4cb8-bb34-f7ed86028025,3486
498,597e0e48-693f-4f65-b888-431a212a4f79,1434
499,5b8cec6b-8224-452c-9cf6-dc6959ef56a2,114
500,73dd7b34-e2d5-45f4-bbd7-19f499dee43b,5526
501,74903a1f-58bf-4379-a9ff-e72ddb3b4833,2856
502,765ad031-cfd9-4d4f-9ce1-291bc199a4dd,150
503,8e4a7dde-4b46-426f-9911-23a6a7af3b6d,2550
504,5b24453e-b478-49ab-8fa1-fbcd1c254f98,234
505,5bae714b-3dd6-49ae-95ab-3583005d2518,3270
506,5c517d82-0202-4e5d-941e-a72f44cb67cb,564
507,5cccdf43-7e4c-499e-ac6f-9b1024f1e669,18
508,9003635a-40aa-4951-a164-4569a0a43566,3228
509,908d1c73-f2ea-4ac5-b551-53075e489e51,2940
510,9135dc63-b409-43e3-b2d9-cf6897f9a6c5,168
511,7653d174-6df7-4d43-a762-2ba087e0c522,6102
512,77ec32cc-dc78-44ee-bfa2-0804fb09b47a,5082
513,7832a221-0b13-4db0-8b2e-7ee9c68e9284,2694
514,5bd0789a-10b7-4604-972a-f19d7fc01f05,3204
515,5c18f424-b85f-45fa-b667-bdae5dd60d3d,2274
516,5d8c6393-446d-4272-bc79-bbc19620d125,4152
517,5ce17f61-9ae8-483c-b82f-d2b46a8dfee7,2346
518,5d34a202-8d53-4c08-973d-a4874610c2b4,2358
519,5f9f306a-f873-4494-ad34-35d6d04e7df0,4104
520,61dd4872-29bc-4835-aee6-20e95f66cb8a,120
521,630ab916-8750-485f-83f1-4ca146cf52f1,3072
522,63cd4f13-3482-4456-8bd3-598f6f8a8e9d,4440
523,64710fa6-8fac-48f5-a6b0-bc73d8b929af,366
524,656b2c36-9d2a-4270-ae96-2b1b4ba5f1e3,4590
525,66067589-085a-4783-966a-690374790bd6,2478
526,921121cb-58a1-4cf8-85bd-17bec212e86a,2718
527,92bbb4b9-2b5d-45eb-b650-53c1ea0353b2,354
528,92f0ff06-c7e4-4cbb-8d4f-3ac6bbc5415b,4824
529,93352420-1328-47ce-8408-08e0a70ce194,3846
530,94c43651-becc-47fd-9350-d1ceb71d4490,1572
531,95026c36-31bc-4535-84b3-5f9424e002ca,4002
532,96b27998-cc1e-40bf-a6b0-2dd26262a139,198
533,96dec0ec-23c7-43c6-93cc-bd582640e6bc,4200
534,97053764-b4e5-4885-ae65-d3ec0db2a42d,3390
535,98b8395f-f9c0-4e9a-a530-e53c2200c496,3252
536,98b9e461-1a3c-4bb1-9845-4ee2b8511210,2112
537,98d544ac-c4ae-44af-8616-28b6bbf56af0,4494
538,9b16356b-8da0-4732-926c-f389b5dffb34,8232
539,9bcb4ba2-a8cd-43f3-b3e9-90d9aedc9e2e,2064
540,678d661a-6cea-43b6-8e41-6c0d79d4e2df,1794
541,694fb1d6-e49e-4989-84ff-bc0e74575bc4,3618
542,69e53422-6813-4f9e-a9b7-8e5fb34c2613,3396
543,6aec2b17-3157-4a3d-8c2e-a7327d02ee46,3492
544,6cbeb5d1-0c46-489e-b791-9a03567b8150,102
545,6e7f7d24-5388-401b-a5d3-a93170f75a29,2256
546,5db612c9-a594-46a3-97cc-81a1bf0ff337,2790
547,79a55628-22e7-4ff9-9241-74d613e51b52,4176
548,7b324325-6c77-48ce-ae80-6862c2049f56,2646
549,71acdc6c-f9b7-42e2-910a-21dbe64cf6ef,2130
550,72b8f371-9340-4e51-881f-57c8c6038ec8,9624
551,74539337-cf5b-4760-a51e-9dfcd0e10831,54
552,7467aa44-2993-4662-a654-27d3c24dc656,642
553,7a271515-82c4-4129-b914-f4c70c7c8abc,1692
554,7a3df4a6-c580-4a03-b547-31826b400b86,2634
555,7c58b144-2648-4202-9349-1de45089a0cc,498
556,7cd4c27c-9552-4679-a832-d53e870032e3,3528
557,7d5969ef-9feb-4b02-917e-0ed92efa1870,2586
558,7e8ee901-c993-446e-8cb1-897bea2ec88a,2550
559,9bb9dfba-4a7f-47bf-bfdb-5ddbeccf8ba5,3006
560,9c6e431a-eefb-4d5a-978d-e5e9112db0ea,3366
561,9d3b130b-6ae5-4d91-ae50-04f021190e39,4152
562,7fa13e3b-db0c-4f2a-ad5c-19cff673df45,3012
563,80547eb8-8f44-4660-8ce9-5d521017a3ed,156
564,811b4d83-3b04-4643-ad8c-dbde057ddff0,3246
565,61659354-cc78-46e2-94d0-4275d756f1ea,4524
566,82a346b5-2a3f-44bc-8500-e2dbf77f634a,5694
567,8378ff53-ead3-4c7c-8733-8bedccabd911,2304
568,9f54c1a8-ce0c-44e0-acf0-33b887f1c8f6,4608
569,9fc659ef-edca-432f-9a3c-d7d12cd9ea93,2196
570,a060359c-389e-4b12-9a93-487e604cdac7,6
571,a26dd35a-92cf-4845-9fff-39b9f770fd36,6
572,a45bad62-944f-4887-a7d1-37c946b0c0a3,3972
573,7498a94a-5e9c-4d5b-8580-c8233f67bb99,60
574,7776e66c-7f31-4ef3-8260-6439d1ef4d94,3660
575,62486924-d3b7-4953-a565-0c91ca4ff676,2634
576,7948fd58-5140-4f5f-afb5-5da7ee88b353,2922
577,7a63a577-c015-456e-9416-0a121b9c05db,6
578,84642023-8c80-4db5-814e-61488904b85b,2598
579,85b5408b-1e1c-4d3e-a702-de65dc88824d,4830
580,8725965e-1a73-4ae9-bd9f-8f9d0e4f6fc2,2808
581,7c35d475-d19c-4ab0-8e72-93ede547b1d7,576
582,7cbcf758-c028-4907-9c11-4e978a6358d0,2898
583,7d52f7af-3740-4e7b-92fc-3a9a7118baa6,3528
584,7e1515c1-49fd-4a07-a500-deb7af38fc77,60
585,a5d88817-d6dd-4002-a909-3d258170c791,222
586,a6512144-4569-4b6e-940c-a2f428a1ca45,5076
587,a8730b1e-5996-413a-9040-43b661c2910f,3336
588,a87be834-e3ac-40b9-b0d0-06307a4602a6,6654
589,630bdbb3-657b-413b-9426-996db7d97204,960
590,63e20791-2e39-4a30-abd9-81af787d9b95,3510
591,66baa53a-0527-4692-a0b8-ba9be58d1b4e,84
592,6791e423-cacb-49d0-8d18-ae993d33e7d0,3468
593,6a40a13f-fa79-49e9-b1f0-bf2c5ec74789,3852
594,6a5bcb8c-20fc-4100-9388-1d88ab047287,210
595,7ded32aa-64ef-41fc-95d2-08eb6566645c,3474
596,a9b2e9c6-1ece-4ba2-a8e1-c0bc1c3910c6,3348
597,aa65159c-e440-49dd-9fc3-8f888a6b98b9,3672
598,aadde582-2daf-4174-ad78-5dc0e121ab56,4614
599,7f943b48-4a13-48ea-bba3-dbcf99028a98,4560
600,7f97624f-283a-4d30-af79-94e2f85d6a2d,3852
601,7fdd5bd4-3bd8-40d4-91bb-ca5122d7a73c,1974
602,80b0a240-ef32-43bf-9eb9-0c3e94f8ad69,60
603,83afd9f0-2138-44c2-9608-66df187c9ac6,2886
604,ad4a9d5c-c619-466c-8249-548876ef3f85,3960
605,ad622b1e-d08a-4ae0-ab1f-1936a3f46c48,2454
606,adae8d13-709c-48c7-a69f-957d452be2ff,3042
607,ae191753-8a76-4265-898b-a2f8b7cf76dd,1548
608,6b10d44b-b96e-452c-8286-eb79cc48d180,384
609,6b1b8cac-2e7c-480f-a2d8-74d0c115fb09,6654
610,6c3605dc-1293-4233-bebf-b067c78c33f9,606
611,6db8f098-3901-4c9e-8a18-90c60fda5b56,6
612,6e267821-10be-4f68-8703-8ff3558fe92a,4098
613,875b9c42-bef1-469a-a6e1-4219cf947341,9276
614,87df86d9-f96a-4302-af4d-4f3e56004fc9,2820
615,898df34b-ba09-4b5d-923a-7bca5a22dbfe,270
616,8aa816c3-5ad0-40e3-8efb-279e4ff7d6af,3864
617,8b05964a-57cb-470f-b1d5-8d2a057b8b51,552
618,8c12a1b6-7440-46e0-9054-ad6c23673db1,2718
619,8cec0b2f-6814-4112-986a-be4afb2854c4,54
620,8dce1e17-5730-453b-b6e3-5ad5e965c635,2274
621,8543a681-2a6a-405f-8d9c-73e47edb5f2e,672
622,856d888c-ca57-4efe-8c66-71d1f0f5aeb8,48
623,87186b35-6d9c-4e16-847d-b7b24023119a,2976
624,876df02f-d625-41e9-9277-5aedc9149ab2,3618
625,8fa93014-f658-4092-a0cb-63f193774997,1446
626,9118fb03-d53d-45f1-aeae-0786e53fe48e,282
627,91f3d70a-b75a-4986-8bbf-7d73cadcdaa3,2220
628,92c363b4-0a51-4f9d-8602-e9c4648d5d8b,204
629,936be9f8-370b-4cee-b279-5479bb719447,4428
630,93758814-31f2-4a66-970b-1307c8f2a189,4794
631,b0fe8173-b0ad-439c-864e-13f37f3a1bc7,4806
632,b40caa39-8c93-4cb4-b7c8-0a203f334dc3,246
633,6ff6b029-26cf-47d7-ba56-3a917525df6b,120
634,70be6970-4924-46f4-bda5-eb6a913e6f12,2250
635,7201c3ae-ac80-4f6d-a810-3d637aafe176,4404
636,72772d12-a2d4-4115-9791-3ee407852add,792
637,73418245-16aa-4cd8-8ac8-9516eaa7e0f3,3594
638,742d9756-9f2a-4a94-852d-ec8902694671,4404
639,76f57276-dc6a-4e86-9a6f-eb2cdbaf4ea3,4110
640,897eec6f-3baf-4b13-8a61-b0d09f19bae7,4326
641,8a26bf67-dec6-4831-9eb4-259e4a7d7611,6906
642,8af7943c-4225-484a-9453-c93057b5c87b,1350
643,8b738863-0e5f-4d74-a410-9b9bbac1490b,3600
644,8be73dcd-7248-4f7c-bef8-2efc26264e0e,294
645,8bf5154f-ae30-4ed9-98cd-4d064e50673a,288
646,8c3cf57b-f746-423c-be43-353d0a400e51,2196
647,8c534d5f-99b3-489c-888c-07679ac3019f,468
648,94207dfd-d966-49fe-93ce-42fad41d23ec,2454
649,9466b2d2-190b-49f2-b214-38e6efa8f983,4452
650,964566ee-253e-4f97-96e2-2fdcdb63021c,1344
651,98464829-d6cd-4f15-bf1b-2026fda5f6ff,1626
652,986b6e09-55bc-4b73-80b0-6e13cd7343be,2772
653,9abfcf1e-9d00-4455-91f5-44aefdc74068,282
654,9b83f990-d3d6-4b99-a03a-9d3ba07164a7,4746
655,9c1c316c-4fc4-430b-86c4-06f802ece996,378
656,9d399c27-fc1b-4d4f-b29a-3cd97e669b5d,312
657,7738bc72-ba82-4f59-993c-00648aefa274,2424
658,8de66c28-fded-4cd5-9386-5bc7faf84c23,2898
659,8de77b98-009e-4afa-9354-412a425b4e44,6558
660,8e526139-2c79-4b3d-b313-ef97c1ffd51c,2826
661,b4b7a43c-90de-445c-a8cf-f73bd97a344a,3786
662,b4f50b4f-4e1a-43a9-875f-d2e6fd52ca6f,3414
663,b5981d0f-ef3c-47a8-9070-f42fc780ca24,108
664,7869d3b2-46a6-4d6e-86d7-7e31c8985b82,678
665,78851a90-7b31-4f37-8a63-dbd5edd9e5ee,192
666,8e8de216-c9ee-48b4-ac66-fbaa86675859,9372
667,9e8bbaf0-6288-4013-a940-a1df8809ec04,2634
668,7bf8dfab-b87f-4e3c-8cc5-b658914f71ec,2928
669,7c8a4037-8fe9-43f5-8a47-01d457d465f9,486
670,7cab8684-8ee5-44c5-a37e-d7464cbbfecf,2826
671,7ce4900c-c40c-4bb4-9277-819558d1321f,5298
672,91d8a4c7-706e-4333-92b4-2dd8481aca60,8214
673,92a4a14e-77c9-4363-b330-e7296b3e88e3,3288
674,a055bc19-a482-4fa7-bb15-76273cb16b21,8652
675,a0ad3f35-89ca-4457-944e-88cb097e6c82,78
676,a22d0210-cb0c-4288-aecb-138a32255a07,5652
677,a2d0d538-ec1f-4d4a-bbaf-9d0ad301b518,3732
678,a55abacb-2f3b-407e-83d6-eddfc807f745,3390
679,a5af4539-9298-4c7c-bab0-629c6da6cbb2,4458
680,7dd4a443-5c49-4eb5-ab43-6687f00fe827,846
681,b6c31683-7fe5-4325-b46b-03ea20d38978,354
682,b758ff4f-9e36-4066-85ee-2da9352d62a5,6054
683,b75defe7-a745-4ac8-b0ab-d08bc536f37b,2730
684,b809f1f7-d441-4480-b670-899d45b662f7,18
685,935e447c-db3f-4d53-9cc5-bc1e7daa3606,78
686,94172a66-b63e-4765-b0c9-f955d7c0eba5,3030
687,95920d76-f9cb-4dcc-b1fe-bf920dc66e71,4254
688,97ec6f2d-51fc-4a9c-8c04-44465f2556a1,2334
689,99b01ba7-7a21-429d-8c66-6323c905dc59,4074
690,9a02025c-72d0-404a-9080-c44b7bd57bff,546
691,b99a3730-3a5d-45cc-87be-944b0a6746e9,396
692,b99b8b66-fd38-4000-bad6-2725fa04a717,4428
693,7ea2950a-64be-4614-bdbd-6ab444fa0ec3,66
694,7fd7bfe2-2b5d-430c-97a1-0cd87a08c4eb,2454
695,8022e31f-b693-4766-a630-793dc7bdd1eb,5142
696,8286437b-fd52-4c65-9e9b-cb4cd94e77ac,420
697,83a65aab-f9f5-4b71-b8a9-73980c5659af,282
698,83f83ac7-500f-42cf-be11-ec7245428bcd,252
699,84120836-61d7-45b4-a76e-e89d1bc8ceb0,1446
700,8655f619-495b-4250-adaa-3c3a10beb4a2,150
701,860f2e8e-3241-4767-8feb-225a3f04cb52,2406
702,8890a4bb-5d5f-4e01-9789-a6ed1037e61b,174
703,9b50f843-b32a-4e82-86e5-d2244342d50d,2118
704,9c1229c8-766f-431d-8020-316749c9f2c3,408
705,9cdc2dda-849d-46c2-9099-04cf02b4f939,5340
706,9e7e106b-bdf5-415e-9c2b-40c970a76b55,2094
707,9e932e5a-251e-403f-8bf4-06ce3c2eaf24,4464
708,9f7640d6-1b6b-400f-99c7-84ded87c18f5,1434
709,a7a0e41f-44d4-411d-a549-84ec688ec290,150
710,a8238e7d-0f81-41ea-868a-ad8ab056ab80,4026
711,a99785cd-1c5d-4343-8dcb-6d57717121be,2682
712,8a0142e9-15b2-4087-982c-52c6a4f4faa8,384
713,aa07a12c-9434-4bb2-9cac-8fca71f8c0e5,2718
714,bb97a028-5ca6-4bbd-8b5d-455702857716,3516
715,bc1143ec-db7a-4663-a4fd-b695e416cff8,162
716,8a36b568-1c43-4d00-b138-a442880c91cf,258
717,8b4a6c34-0a95-46f2-90c7-56c2af14ae01,3300
718,a0aba82d-ea8c-4578-aff7-2d704e2d4335,1992
719,a1ca2cbd-4257-466d-88a3-849626ed29e0,4116
720,8ccb1dbb-2cd9-452d-8ca4-64f1fe690f4c,1488
721,8cdb4df2-2f7c-4cb6-a995-dfce4ea0a0c1,18
722,a1c52fca-ac07-4191-84b1-ee9881c81fca,126
723,a53087e0-82b3-4b41-9fd3-789d51c51bcb,1890
724,bc804085-7ea0-4c1d-a977-30c207d914bb,2310
725,8d62a7a6-9810-497d-a25d-ba6695afd323,4434
726,8e18b3c3-e343-48a8-8a8f-6703d985466a,144
727,909c8b32-5204-491e-b536-b1f66ecf8dcb,534
728,913c54a2-c0b8-4670-acd4-87d760d11380,2214
729,ac3d80b4-e1b0-4301-be42-4aa468f8be83,4410
730,ace19004-a1d3-43fa-9953-b72ff4806cb3,48
731,ad2546d5-d258-4605-b44c-57cec8a098d4,72
732,ae07e4c3-afe3-4398-9fc6-da9729f3538c,1068
733,915939b6-47ce-44ca-b063-fb02dba97ff3,3150
734,929577a0-3ba3-419b-b250-3c15bdacee91,630
735,ae71061b-2ae8-42c4-b7e6-e3605f1b54f2,1686
736,af62aa12-5d3c-42c2-aa3d-0b0882de5452,4272
737,b0a6c8f3-3408-4428-b944-5890c5dd3af9,168
738,93873613-deab-4d81-93aa-e668baf8a0cc,2412
739,bdfe8797-a558-467b-a027-d78eaf36eb7d,3702
740,bf21d3ba-8769-4f6f-9697-3f50555a8c87,3372
741,bfec4632-f433-4225-a156-c1fb062d4994,4596
742,b0795115-a789-4a47-aafd-9e2fbc5f99a4,348
743,b18bdf19-dec4-42d6-9cbc-92cd29c66e7d,3450
744,b1bb22a3-af6c-426d-850f-42e185749263,6252
745,c05c3890-ec16-45fb-96f4-1687da6486a8,4566
746,c112da6a-2b79-4cd0-8f53-ba0d23c50fc8,3102
747,c201f432-b65d-45d3-b51a-cd7ecc80f33d,1398
748,c2df7739-2c82-461b-aaf9-a5a542539233,354
749,946d57d7-5cae-4b46-9995-316721bc1c9e,1872
750,94a53574-282d-43bb-91f9-2b274a05938f,5520
751,95e2704e-14e5-4e18-969b-4f11523f66de,3702
752,972d3c9d-3c77-44ca-9d32-4e43a227bfb9,5208
753,979872ca-93ec-4d82-9849-93f19f6329f4,3432
754,a49ce430-275e-48b1-b46a-50e349d88134,198
755,a7abc13d-bc13-4faf-ae14-a3248f7468d7,1908
756,a7b20a71-f35f-4ab3-8424-550793bec0d4,4752
757,997ea422-b553-451a-8441-5d7197d66f69,3672
758,b2211baa-71dc-44af-b667-6494df1334be,150
759,b4b24842-e306-470b-914f-c622537d7e31,2538
760,9b3ebf6e-b210-446c-b65a-263ac8eb4c5a,132
761,9bf87759-eadb-428e-90ea-d6613edc4a4d,4614
762,9c8388c8-56ff-4c4f-87f4-fead2d0abdd4,3318
763,a6cf17f5-ee9c-4dd6-bb48-076d091c057f,2466
764,a6f8bc71-c20e-4bbf-ba38-4b83b0a7a6f3,4944
765,a8ae0ad0-ece8-4bca-9094-90191a75a327,450
766,c273ad98-8f10-42c5-9f74-2fb2933ee1ac,60
767,9db1e79e-07b5-4a28-b9c9-4681079fb7f1,1620
768,9f63a8e0-88ca-4ca7-84c7-dbd856aa97ea,4020
769,a144a64a-b980-45ca-980c-27d9d6c7b759,360
770,a1e703fa-eaef-4f2b-9be2-1c07ba4eca31,2844
771,a8dd4a81-da51-4efa-ba48-2f96fdd7b596,3972
772,a9c8a601-3ecc-4634-9324-ddd67feb3b17,18
773,a29ba678-4e91-40b5-9d4d-4a4f5f4e86b2,1596
774,a9edef01-7c6a-4351-b951-881121712b57,2340
775,b43ff825-ff45-4a53-b976-2b40c4783f3d,4026
776,b57971bf-26ca-4607-9074-f407c6b26ba7,1266
777,aa8ada98-3e0c-4a2a-b347-65c1e9b7b69f,6666
778,a70ed543-44f9-420a-a1c6-0e97ee55d62a,5508
779,ac150a8f-0fa5-4e11-8f96-45fef68aca10,3246
780,ad133ae8-efbb-484d-acfa-323c79e97ef5,318
781,b6322158-dded-4370-8f47-ed4d262e56b1,4836
782,b74f2754-71e1-4105-89ed-88011f369678,2814
783,b7e987fe-e0f6-43a2-a63f-ad31da68dca6,3288
784,b99178f3-fa35-4014-bd24-181fcd20742f,234
785,c3b2ebf3-e312-461e-9ad6-33eab96c1d57,792
786,c64a2767-33dd-45c1-9b30-5483a7dd2edb,2958
787,c6ab0345-f415-4f5d-9755-7ba12899e86f,4152
788,c814c2b1-375e-4ece-a7af-005227b45669,5274
789,c7c3dd3e-e12b-407d-9a51-0a5e108010be,2370
790,c8db7a61-dd24-4f01-8099-128d6e8acd47,3354
791,c8e1d95f-f9e2-4856-a298-f50b2c392aa3,552
792,c8ea71be-e8bc-4313-9a73-943060ce9576,5652
793,c9323a7f-dc66-4383-ae6d-cfb7c24da133,3018
794,a88441c8-20da-4884-949d-12a7dee37361,2586
795,a9c5aea7-be8e-4597-a827-176c1bebdcf6,3516
796,aa880b8e-f35f-45d6-9793-5d7300afeb95,2712
797,abac7bff-a798-44a7-91a8-3972fb442e0f,2592
798,abad8a42-c136-456c-98e1-9c34f944df71,342
799,ace8479c-8e78-4bd8-b2f4-bbd280d955cf,396
800,ae0452cb-da67-4745-9f61-0cb8619ed50f,1524
801,ae6b9b94-32e5-4311-9ec3-3e92a4f84f1e,3306
802,af2fb30e-ee80-49ce-8283-87bd81bb325f,3804
803,af4d813b-f4dd-4dcf-90f6-66ec65de1c0c,2766
804,af4e5f3c-1d47-45fa-b835-c052c7b98848,5250
805,afafe590-585b-4ae2-914d-829352142540,3972
806,aff801a9-9e27-4e5e-ab68-fb79cb7df111,156
807,b12a4fa1-e0ad-422b-b459-0b35a25a29c4,2784
808,b92a547d-357d-4409-a9d6-fdcb14d531d7,6
809,bb0a2400-0283-4712-a8d1-5bf4673c6801,4008
810,bc1c089b-7e1a-42cd-b269-7e45992e43c8,288
811,bdc785a9-58c6-4036-88d6-ac2f415b28de,42
812,be9f0ece-26ce-452b-b478-253538c7cfed,3456
813,b443a4a7-256f-40a0-ad3f-a226f2137e97,4230
814,b22d7ba5-660d-4af8-901f-a3adffdfa129,102
815,b2bd97c1-73a6-43db-85d0-d0768a4a2d7b,234
816,c0293126-165a-49af-827c-f0214f42070b,318
817,c0cad669-5c6d-46f1-a01c-480130caa9d6,2826
818,b0220434-4533-4ecc-9430-7c611a0caaca,12
819,b14c495c-2c8e-48e0-83d1-d8aea35ba098,8394
820,b4aaaddb-62ba-4aad-a2a3-76e27d2d5392,84
821,c26c6668-d5f1-4d9f-8279-6cd6acba3333,114
822,c372059f-fea9-4b30-aa72-f1fcfdf5b477,3636
823,c4d8432a-c74e-4013-a011-c049ed7342bf,12
824,b5ec0fa9-f5f4-4d39-bfdb-ce4eacb6bd7a,3570
825,c9fd55d1-e38d-44dd-a5db-f1d7e732b013,264
826,ca3cd7ee-2467-4032-873c-e4b588493419,3564
827,cb49fd08-a4ba-4514-b796-ac595eb9a3d4,3912
828,cc3f548b-50af-4e5b-9cc8-8452dd80f3eb,4554
829,ccaa8c67-d43b-4aee-ac95-ba87621d60c2,2976
830,b4f8f85f-f61b-4a5f-ac71-17b8ac1758d3,2496
831,b5f65bb1-19ff-4331-9de8-df307fb91fb1,222
832,c66f4a18-a972-4171-86d7-0f7fcc6b7ece,3012
833,c7aed75c-f100-4580-b04a-525fee71c2bb,3624
834,c8f4d337-7fc7-4c95-ad7f-b17dcdaff507,540
835,c91cb838-2299-4de0-8599-86f3a0b6a992,558
836,cc4c5f51-ae4c-4a18-a263-80fdfcceb7a9,354
837,cd89c564-d38b-44fb-9036-b5b384116e1d,9300
838,ce6d5e6b-da34-4f42-a30f-1334d3cfb87b,4524
839,b6a24b03-321a-4673-9c3f-129034723512,3534
840,b78ceeff-6efa-4253-adba-cfd9f53c49a9,2286
841,b92209b3-8083-4acf-983d-3c9367348473,4476
842,b9fc86eb-c665-4b37-a0ea-7de0c86556ee,4356
843,e6948451-6318-4ad7-b8cd-6f2cdcee5cfe,24
844,b99e26d0-2901-491c-a506-726d62e4f8c9,2112
845,b9cdca32-f8a5-4bff-ba35-748862648314,270
846,ca3ceba4-8202-414c-ba0a-4cb0572702ed,2388
847,cb157287-f44b-41ac-b502-7eec55d851f4,60
848,dd2cf090-d570-45c3-9975-dc822af0f90f,1932
849,dd32405c-3cb7-450a-a6cf-2691aaf59fc2,210
850,bbaaf6a0-fafc-44a8-8408-88e441834af1,6
851,b6cceb93-2622-495c-9fd3-6cb6c2c42531,3018
852,b6d7a01b-2df4-4c89-8c13-f1a61ef30714,3324
853,b7d577b6-80e7-4144-96dd-194d1198b3ef,4788
854,b95b8531-7517-4df5-b134-f3bc966bc4e4,4746
855,cb94c4ea-43e7-4fab-acfc-7807a57213cc,4134
856,dd36edfb-d1a2-4cf0-9f17-da7dc78c84b8,3132
857,debcd990-62b2-49ae-ae67-46d6846e4809,174
858,df325455-278a-4f77-b70b-069e397555de,4530
859,dfc2667f-cd7a-4289-a986-89cf247d98b2,144
860,ba2fcebe-f04f-4653-8ab9-8d9df60bc6d1,3120
861,bab8ea31-e296-4e2a-aa9d-462f90228591,3450
862,bbfde7b3-f2cf-4752-aa02-dcd2509ebbb7,2646
863,bc3060ab-acc8-4e66-8ca8-0f0307a58f4c,30
864,ce38ec80-45b2-4b85-8975-9f7feddac4b6,4350
865,d4341cae-7e39-4e9e-a906-050c14a5f291,4272
866,d4b98906-6a84-4e08-a482-e5ca730b9442,120
867,d4dd9040-cad5-4086-adb6-d822ec957e9d,3750
868,dcb21588-c0bf-42f1-8978-be01177b8e5f,12
869,e0ba7c5c-0be2-4166-bae2-253925bea6e6,6006
870,e17426c1-4495-4f1a-b71b-e5c3c9c83100,486
871,bcb9a42b-b4be-4f94-b836-deb0f60d99dd,6
872,be48ef36-b0fa-4283-9f0f-b327c90b6b0a,48
873,bf96a11c-5b4e-403f-8d2c-47ec6ebcc627,3876
874,bfafe76c-1e58-49d1-9c53-11289d3ab17d,3204
875,dd041f8b-7e72-471f-89b6-f7a3dcfd6d86,390
876,de8a9010-5502-4d08-ad5a-d1de63540650,3750
877,bfe6b7d1-53dc-4891-8ef4-a60bac98efe1,6
878,c06b5b4b-ba3c-4cab-9082-7dfa8904bf8d,2364
879,e387fa34-a5d2-4aa9-abf7-620291116b11,2676
880,e3951844-f2ab-413d-bfa2-e55d17473710,4290
881,e0ad4700-bcbe-4446-9619-775971335238,2766
882,bc59e691-e9b7-4966-95cc-28591ff654a5,4950
883,bd19067b-b446-47aa-a652-f452492d4dfd,2760
884,be72a7ac-6daf-4d11-a21f-f3ee23219abe,5772
885,e572fc91-c1af-4858-b60e-cf72ad74c503,3336
886,e60604b9-bf76-4952-9c78-4f91f8202898,4386
887,c11fb664-052f-40de-8972-43b8097f975f,36
888,c188fad1-00d0-48e8-af16-424582f15417,5052
889,c2ee0fb0-1edb-43cf-93a3-7907ca2aa323,138
890,c016c67b-972b-47d6-ada9-5e54156fed8f,2898
891,c09b2070-19c4-4401-a04f-f09bf5dd6644,150
892,c11eec13-c961-4b9b-804b-634d4f06a29b,138
893,c3371c52-6620-4c28-9472-a7a925ff2d2b,30
894,c3d6a700-eba0-44fa-8864-162f4ead0f91,2484
895,c3ed6af2-4113-419a-8871-c25dddf2e650,1968
896,c5a7b499-e201-4b7a-99c5-b0f790a04163,4554
897,fd2db728-b95d-41f8-a86d-106dce1eaa56,6
898,fdbfaba7-40ca-4dfc-aa84-e784f14aedd8,2670
899,c6d51f01-fa6b-4dee-b72c-2707979dc439,60
900,c6fb36aa-c259-4a5c-9e93-950a587de951,102
901,ea458b6d-ebe7-4bf2-943a-0fdcbb2de471,3942
902,edbbadd3-c1d8-4967-833c-520c34ac6c4e,564
903,f4251dcb-5b49-4615-9f40-f0b312c42322,3372
904,f85b8c2d-31bf-4dfd-9fd8-714923501444,2898
905,fe66f05f-4aa6-4c1c-9855-7e280a76bab6,5616
906,fea138ff-2ff2-41ed-bff7-2c99100b4d6b,1704
907,c47db129-c11c-4dea-897a-2ce63a3f06ca,2718
908,c64ff05d-a94d-4cd8-8c75-130c37c5f49a,2586
909,e1d032d6-8ff5-4562-82b6-74871733e4f5,4272
910,e26ebc42-75e8-442d-bf10-07d0eb1abb8d,48
911,e29cc5cc-1f9f-45de-bb26-7d85ab4742c0,5322
912,e3154283-4118-48bb-98d7-3d03d7bab92b,114
913,facd9f26-cc50-45d0-b63d-53c3ab42803b,1290
914,c82fc149-8d23-4f3a-b875-584a95fd7dfb,1260
915,c8f51c50-efb4-4189-9adc-47576b350641,456
916,c9860d4a-971e-41c2-beb1-becf5fcdf1fa,4320
917,e305caaf-330d-4fd7-8f41-4104bdc8ebf4,3996
918,ca20818e-d6bf-4388-9da9-1377008d3735,6
919,ca64b5cc-8b4a-4e7c-9084-ecebea45b64e,2334
920,cabaeda5-16c5-4eb6-91ff-66afaef7be6d,1482
921,f8925a66-bc4b-4b45-a5b0-ac8065fee482,3840
922,fb875fd6-436d-41de-9254-80c99adc2b31,288
923,fc23bb70-9735-42da-b7a7-68f252501519,4518
924,fc8f32ee-3f56-40c9-bc5d-0cba325edb5d,3870
925,e64abc93-c072-4aa2-907c-60d8d25f110f,5250
926,e6507076-0be9-400d-8686-6404c35baf0c,252
927,c7238e21-e62c-4eaf-9eee-e2a7debd0a62,1896
928,cb783f5b-912c-432a-a8ab-c1f093b15ffd,3672
929,cc82593d-5b76-4424-94cc-b277dcbe0eb0,1590
930,c8862635-6928-4614-87ad-8665ce115712,1290
931,c88e3fae-d53e-4769-8164-acb437a0ecc2,4026
932,cce2bc05-dd9f-4cdb-bce6-83b79a52406f,2760
933,cdb0508f-517f-41ea-afdc-347111abb704,3348
934,ce91e2a7-ab5d-41e4-864c-286635a70898,3324
935,ea56586f-bda5-490e-b0cf-5f94daefb809,324
936,ec750e31-5e25-46e4-b81b-d7344588f58f,300
937,e45d7416-3fa9-43e9-9596-e91ae1192546,54
938,e4d25a76-d206-482d-8295-84d93bd1985b,4470
939,e52d877a-24b0-4c4b-8ba6-6e94928f993e,54
940,ecbda448-6f52-4a21-937a-64937540c3c3,18
941,ef287c37-0c3a-4186-8f2c-f429bc1eb6df,3252
942,dc3e9c22-a623-4ccf-81a7-78d59e4b4511,48
943,de2239aa-032a-49e9-a349-6147c62dee64,456
944,f65d7281-4b35-4bd8-a348-55d13c9c08fb,3480
945,c9c84ed5-5b31-4615-90a5-08aa77818376,822
946,ca06ecdf-51f4-4bfc-ad2e-f6d26ffc00b0,6186
947,ca279254-37a0-4aae-ac50-5edb55cf700a,1164
948,f3557444-2606-459e-9b7a-c372e52469eb,6192
949,cac1b62f-ab4b-48b4-9930-dc440410570e,3594
950,cacb3bdb-5bf1-441f-8091-da936430e5f9,4686
951,cc131d41-06e3-4477-867d-98a00bfe6764,534
952,cd1c2319-d9ca-4000-b4d0-1d8d1a27ee01,6336
953,ce0b37d0-ab20-4ff6-8d65-2b8d2f7cb4f1,4602
954,d5a6c890-87ba-4d19-94b3-af60bf87a80a,282
955,e6e95e42-1604-4201-bbfa-d9241790a9e0,5148
956,e71ac251-cfb0-4eb9-a9ed-d397827ae494,3606
957,e999adb9-e0c5-4150-8c59-1c0aa69ba75a,5658
958,e9a35956-6b2b-4e17-aeee-e6813a0ae6b5,4584
959,e9b052e0-b189-47a3-b6ab-5ea49bdcdda1,2994
960,d5df768f-0b48-428c-ae3d-153455161628,108
961,d6062c19-c1e5-433c-8798-08af7f0e0c45,2616
962,df4ae81a-85e0-41b1-9084-62a8eea19576,120
963,e06f3219-34a9-477b-878e-1838df375344,4356
964,edec0c1b-d05d-4270-b727-a3878580ee42,660
965,d62445a2-5f22-464c-97d5-3d3517fe866d,2592
966,ed6bf98b-1eb2-42a1-aea4-f923504db45b,4044
967,f04b256e-1d96-4d6f-b721-8119f9e82fec,150
968,f69b7c42-5c46-41da-9d0d-a1673306bbd1,3372
969,f8f86183-1a1f-49b3-8350-86e4e13a94ba,18
970,ecd2dafc-7ce5-48ac-8485-d9776f529be3,3498
971,d64d7ac4-c82f-464a-a866-aef96cc22ad9,342
972,d6a4711c-1cb5-4d3f-a19d-461e9f28da69,60
973,d6d3172f-c07c-4656-bddf-c96b79fa092f,9210
974,d6d8d196-bcff-44e4-af70-cf4d16c3e2d0,2484
975,e16968d7-f489-4673-bcf7-423ac0b76f29,1548
976,e3a6e93c-f60b-406e-b061-2205cba13a3f,3882
977,e3e64680-ec1b-489b-9169-e7c5fa246ba8,6234
978,e40f1c6b-273a-4920-ae73-daab443816d9,18
979,ece206a6-1a8d-49f3-9843-5cff5c415945,108
980,f566838a-048f-40f4-8cef-d69e19c1a42e,2322
981,e579cb32-1d4d-4248-86d6-435feb5f4abe,150
982,d721b08e-884e-4c58-a9c1-4235cf918eee,2232
983,e5a0402c-9d6e-457f-bc8d-12e9bb8f4321,24
984,e781aa27-d588-471f-ac24-5427c19aae59,4314
985,e97744f5-9d8b-4904-9c75-d9c1591f7f38,4230
986,ef0a4fdf-3ced-42e6-a122-ebac3ba075dc,3306
987,ef5f7199-fc1d-458d-8859-c90c18e96804,288
988,ef9505d0-a51d-4181-8fe8-58e812c05479,2904
989,f03686c8-285a-461c-822f-d0c26a257693,114
990,e7a95909-4a8c-420e-bfd0-fb1ac91320c0,3444
991,e7c1cffd-564b-4886-a909-1e9e9afd26d0,3426
992,e8636841-5116-441b-9fbe-8c2f94097b6f,1992
993,e956e1f5-83bc-4916-bc69-6fcb027315c9,3660
994,ec098f37-1908-4cf4-b7cf-51d217a1f2d0,3606
995,d734103f-7ee6-42b7-9ed8-b575fb9cfacb,3756
996,edf0cfd0-42ca-43e1-b85b-9c63a38db615,3348
997,ee0f072a-2cc4-4702-be88-76a161d1d0b7,2424
998,f0f19a75-1bdf-4c0a-ac69-81e91c2b6054,90
999,f10118dd-213a-4a7d-9ed9-6ad74f1c3ffb,1266
1000,f12d226e-3753-435d-bd42-d47a97e2cb9c,2424
1001,d8e0f333-0217-4a4f-ae98-71f4e902228b,3504
1002,e7676e6b-5dbe-4496-ab91-28f973f7159b,102
1003,e77ba099-8881-484b-bdd6-52ef8581fb2b,3636
1004,eaa43784-eb4e-4e5d-a22f-c2bdbb35a36e,3528
1005,ee6cb7be-1e4a-4ba8-a7d9-f7e9ed85afa6,2424
1006,eeccc295-67f9-4303-910c-c3e43cbb2924,42
1007,f0f0cbde-cd5d-4496-8c1c-b20dcad8f7c4,3624
1008,f2267b9f-5036-4006-bf54-399da52a05ca,42
1009,f26f67f8-b3dd-44c8-9f1b-70b3918a9f3c,4926
1010,f34b6828-c611-4451-bb33-915db924feb3,3324
1011,f4a24270-3091-43c7-935f-cec5a5f16333,210
1012,f7bc2725-f477-41cd-a2de-e8574d5c621f,4500
1013,f807298c-0e0f-462b-b03c-0aef67c6e768,420
1014,cef0df2d-12d9-40d7-9d0f-d9fc04a2db2b,120
1015,cf437d17-07c1-4f29-8fbe-e110c87479a1,402
1016,cfbbee5d-4d45-4425-a181-9bd34c651af3,90
1017,d97045de-d903-4cf7-8cf6-a6ca85156843,3174
1018,de81c8b1-e760-4224-9bdc-90085e7f30e2,186
1019,e5ee24b5-0305-4185-b0f4-73a3ca13396f,2232
1020,e733b537-3e80-4098-b5d0-cdbd198918e0,2220
1021,ece28298-2b32-4c28-b126-5966752ae7e1,1848
1022,ecfa3daa-f63c-4ee3-9619-6dd1542871a6,1602
1023,ed4e23d9-8e2e-440a-8d1b-8983b3a73c26,4290
1024,ed6acca6-18ec-469a-b07f-c92361825e50,24
1025,f5fb5ebc-8c6e-4381-9fa1-933741fc8087,96
1026,f827d1f3-a964-4e7c-8f52-eb47b325fef5,2724
1027,f8740925-92a7-462d-a3f2-839d9539b52a,2592
1028,f8da25a6-3326-4d34-964b-9790f2830c1f,3672
1029,f8e201d0-010b-4fe4-87fd-0685a7d1ec7a,1416
1030,f60b3c05-f1ac-4452-9a64-40b491839169,2748
1031,f6811d5f-2759-4557-a47b-171124039479,1596
1032,f99f4044-2359-4269-a615-06fd5de6da4f,30
1033,f9ac826e-d0dc-487f-9951-59d22e7c7469,4068
1034,f7e3e8cb-37ec-4267-bf74-676342eb5256,5610
1035,d433ce0f-717f-45ee-a565-7bfeed88a04d,2160
1036,d9a0e3e3-c5f6-4b37-ad88-a5983e2a7b99,3834
1037,f3dae091-1464-48f7-b3f6-2eb9c0af1f15,3858
1038,f7960d43-eec8-4efe-a9e0-a8be262288cf,1242
1039,d109d26a-7812-442a-b4e7-079b908ffa23,360
1040,d93a4706-e068-431f-8748-fe24ec8aecf6,30
1041,dd4edbcf-e20a-4fdc-b042-4a80a6e2b768,2106
1042,dd89ca8d-095d-4acb-816e-18feb052ec93,2652
1043,f6cb650a-3792-4310-886c-b01b56df5b34,126
1044,f6f83820-2d6c-4c8c-b7e8-23189f0d64e6,2796
1045,f6f93ba5-4b83-4c6c-883e-39c58775346d,6
1046,fb45eea1-2422-4a04-927e-b2975107ecd0,4956
1047,fb8ce2a9-6384-4ecb-a25b-16271a55beb0,2292
1048,fbc0ec52-561b-4453-aa53-70236d4a909b,4230
1049,fc0e1438-8fc8-4dd0-a322-efa6247bd4c1,6756
1050,e37864f0-26a1-4bbc-9d69-1be46959514c,4026
1051,f78f73e0-ea15-4765-80cc-bf8abba91185,2406
1052,fa2b4cf1-f583-47ee-a752-103058353ae3,1908
1053,fb4bdee1-654c-4ba4-996c-167c021c7914,4020
1054,fbcf3c6d-2229-4b78-8d77-9858d6c74d5d,12
1055,fed9e32c-538d-44d4-85a1-d016e2b3986e,2232
1056,ff3a3c93-0dcf-483c-a835-371b6e8d569a,18
1057,f32f7ca1-33dd-46aa-90b9-c8076e960b8d,72
1058,fbfe722e-de43-49be-80ef-904fdc28e5ec,3462
1059,fc451753-7e3f-47ae-9496-422e2a35f8d4,774
1060,fca75f97-0689-4d26-bbcb-8c00e52d7b56,3264
1061,fcfad341-51f0-4082-991f-36c6803536ce,4188
1062,fecc2bcc-c788-41f0-8da8-4d8f2396dab7,114
1063,ff60c841-b525-46c9-aa1d-317ac7e1c15a,2292
1064,ff740fb6-e706-44fe-8d7a-38f62b01a0a8,2490
1065,cfcd8443-4e37-4973-b550-d7ce8a4e4f0d,240
1066,d2ff848e-fff6-4a9b-a29e-08eb4f0a88b0,4236
1067,d3ec2952-9cc6-49fd-9e74-be4a299efd4e,2718
1068,d55063d2-bcd2-47d1-b7d8-6d1961e945e5,2412
1069,d7a5c8b3-a0fd-4a7e-acbc-8d5063dfee1f,3330
1070,da903761-bf20-47ff-9341-4e85d503276b,6840
1071,da9095a6-811c-4368-9a73-380c52193dcd,2010
1072,dab0d6e6-431d-4648-916f-6075a9757749,6996
1073,dc6bcce8-065f-48fd-997d-86da89a11e1a,3444
1074,de57f7ba-2acf-4348-9941-93974a85014d,2418
1075,e3641762-9600-4bc4-b2db-6bdea7d5f8eb,8202
1076,d01989da-935a-4b1e-ac0d-57add54d56e2,654
1077,d033ffcd-1ac0-406b-ba47-512cd26a8dab,4314
1078,d319d5e6-2252-4299-87ab-2272e20c9d7d,4440
1079,d532a52e-e36a-42ad-92f4-db1c303be0a2,5358
1080,d06cabcc-02a4-4946-973a-e93f2754bca7,6864
1081,d0702fb0-b639-45bb-9657-446b1d853f30,2868
1082,d08b437b-fefd-4151-8af1-2ef4d8b0b94a,3048
1083,d0a67780-e437-4c84-bb7a-0979267d876f,24
1084,d35acd10-36b5-48cb-aeaf-19da73972bf3,4368
1085,d35e2504-1a2d-45eb-80e4-1f77bbb0f263,4410
1086,e2ae93ea-6365-4b59-9f59-97899c310e3a,3678
1087,e3447029-0ebd-467a-b0cc-222307bfb7e1,90
1088,d126a45b-9776-4769-9cca-bd8ded377daf,5676
1089,d2d28d9b-f849-4480-9388-3e347590dd2b,4158
1090,d52cf08a-8fe7-4171-866d-54c88654a37a,2676
1091,d57ffee1-1457-41be-8d58-85ae031d0d30,3810
1092,d81c97df-de5a-483f-9ce9-f94efd5ed2fb,3312
1093,d8603e86-c389-486d-b1fe-72d1ca329930,4038
1094,d8cdcc86-e536-4f67-bcbd-3b56d5bdf9c7,4212
1095,db08f94a-7774-4dc2-88c2-646d73b91e12,3162
1096,dbfe3f5b-8a00-446e-b4a0-81eb2a73d884,4818
1097,f1cf4e73-4be2-4df4-867d-85fc2972c81d,3414
1098,d58182a8-a1e5-49b4-a547-571a066a1044,2706
1099,d86d9ce4-f6ac-449f-bdbc-aefc4722f023,2268
1100,dbc540d6-4f2a-49db-92bb-fc7c95a75642,504
1101,dbf0d5f8-5d13-4154-8c9e-d643d2e1fa9d,1620
1102,dca5cf66-ac25-4953-ab40-c370ad54c322,4350
1103,f3f4e3d7-3601-4308-b3f4-7d9c7aa0722d,30
1104,d744b790-a64b-43b9-878f-0bf7c0b0d6d3,3264
1105,dd88c110-c41e-4011-89c5-945aa83949e5,4386
1106,ddedb482-33a5-459a-8186-124f6e5d90eb,24
1107,f39308e1-d9d0-4370-b893-b752da92fb9b,7836
1108,f3d74e01-59d2-4d69-bcaf-9a2442db328e,84
1109,de93a5bd-c3f4-47b3-9c1b-6558a23e461b,2724
1110,f169c83e-851d-42cf-88da-8a1f0e0a6edf,2250
1111,d795132a-7e76-488c-83a6-919f4967fe15,4500
1112,d8afa1a8-f723-44f0-b307-620472f651ec,156
1113,d8ed0ff7-7866-45d0-a377-b38eec61f94d,90
1114,d9c40509-faa7-4678-b1e0-a2d85b30dc1e,558
1115,d200d725-040d-478e-827c-3f9bf40ab468,1824
1116,d28d4405-6430-44b2-ac97-f797f54bb151,2280
1117,d1d9619d-c68a-427f-bcf3-7c2350a5b07b,2664
1118,f836f575-63b0-4611-bb7f-ec81f7e0e99b,132
1119,dab85b09-378d-47c7-b2d7-3fedd7a95857,6612
1120,db042d36-19a7-4d82-8188-20a42da7fde4,2208
1121,da31faea-3060-428e-81c7-e253cc962263,2664
1122,da7987ca-b8a5-467f-9bea-7147b42b9ee8,132
1123,de96dd09-7127-4486-9376-692dc825e914,5094
1124,d1f956d3-d302-4101-96a9-0a3afb0b8e1c,2088
1125,d81acc27-1001-4c2c-b022-0239090be3f7,3882
