read_id	length	strand
0073fa02-facf-4d2c-add7-e31ca29f18b1	138	NA
00a10fbd-275d-47f6-b9c7-87eaf058226d	582	NA
0106368d-1c26-4c08-911b-b88f1fb17442	18	NA
016ef48c-08ca-4c2f-b385-fa4ab9435194	684	NA
028da262-84f6-4596-99b0-a35f9d301656	2226	NA
0029c921-e7ca-4d8e-b7ca-ae43089d0c01	1374	NA
009ffac9-9648-4241-b112-e4e32a2eb5a1	3096	NA
0152ae1d-8c49-4a24-8428-3eb449d3d969	3534	NA
04767625-778c-4af8-845e-8283cb503e23	30	NA
048accfa-b62a-4202-9892-2d0d4752416d	78	NA
029956c8-537a-478f-b9ae-e7b8efc7c7b7	162	NA
02ba55f6-1ff1-41e4-bd94-f3a81e471603	912	NA
02bfe233-19f5-4965-a4eb-212fbd96fa07	138	NA
02fec1eb-b226-4889-a139-3837fd712cda	216	NA
03324f15-8bd2-4a86-84a8-a598908b14eb	60	NA
03b05f39-3947-40f3-8d76-5c965d1ff1bc	132	NA
049f602b-2b66-4765-bc67-62f57ab186c9	138	NA
04bfef56-d047-4e8a-ac80-efc9e8d7381c	222	NA
0508ecd4-c605-4e49-bd9f-d60c73f2ec89	42	NA
05e94dd2-03bc-44f8-8ced-01bee49b8a5a	1782	NA
05f89e7f-6a4b-4551-8220-efdb64c116de	2910	NA
0888228d-0d5a-4bee-b97a-882ee524f0fb	24	NA
088e7743-3bd3-4384-aaa5-3620f60e5523	12	NA
098e2a1e-3c10-4ccf-8156-ac7ea169c3ab	24	NA
0b18cdfe-fe19-4ee6-bd5f-28f59e57fce1	2382	NA
059a7213-87d6-4383-8953-b812240e1c60	192	NA
05b7df12-4f66-486b-a3c9-874b9778ca3a	690	NA
0677759d-0eb9-4dac-8e26-740b29d54642	2676	NA
07588fcd-6815-465c-a41e-c8ab9fc6cf25	816	NA
07d5e61b-efd7-4d1e-8061-f95214026f62	1170	NA
06303029-cedb-4509-a676-0c280acf1d73	192	NA
0636b3c3-01a9-45e1-9e6e-2cacd134e22b	954	NA
066102e9-5eba-4675-856f-8e740c63d0c8	6	NA
0673385d-943a-4426-ac09-baeca5ec0aba	474	NA
0805a62a-61ae-4094-9897-137f178d4c64	870	NA
08c54e7b-1fc2-41dd-a686-da91bd48412f	180	NA
08c9f56c-1ead-4d29-b73a-d7bc5156d3fe	18	NA
0966d260-b804-4c65-a7d6-eb675b5bb478	36	NA
08faf7ee-5615-4512-9268-13d07c8800da	1002	NA
0d69dd0b-25f8-4608-95b1-f47731f7e685	1884	NA
09e5a306-9150-445c-bc06-8a1b3b7b88e4	1128	NA
0a5c7cc2-50d8-4307-a874-3067c418075d	84	NA
0a7cac32-bbd9-4ec4-a268-570871a7f2af	252	NA
0ad4a0c9-b8f5-4023-be49-8546d152ab4c	3048	NA
0bf37962-243e-4ef1-8098-e3f76eafbd46	330	NA
0bc6b2a9-36be-48a8-bbed-3604fbc630af	756	NA
0d0da55c-83b4-459f-ac47-fb9e118f6dff	2010	NA
0d1c71bc-06a1-4bff-8297-3a6cfa03416e	42	NA
0d2988a1-8087-47bd-b62e-174a8e0eea6f	60	NA
0d4a0c32-5504-4cad-bf50-80d3d2c44bc1	12	NA
0ed82985-6f0e-47f5-87f2-68df0f8e9dee	24	NA
0f61d204-0041-4814-b6f6-c36e9d965c1c	108	NA
0f631545-e417-44ff-b309-22398b7b78d0	978	NA
107f518c-31ea-484a-9803-f090684b815c	12	NA
10e38fc3-4ced-47b8-bef1-a1619a67b60a	78	NA
117490bb-0cf1-4c75-9a88-235e38dfbe1b	12	NA
12602628-df04-45b6-afc0-9a126fa60762	726	NA
1613c0d8-454c-4ce0-a065-e72f69c64efa	36	NA
0cbec92e-6830-4586-8944-ee30c875b146	18	NA
0e1822fd-229b-4406-b445-6cfe94958fa5	258	NA
10774c4f-f96a-455e-a171-69f116687458	54	NA
125f5ae8-7145-4a73-ade2-fef76caee5bc	90	NA
127114f0-323b-4068-b417-90382df7b7dc	108	NA
12dcafea-9406-4a11-ae28-ebab3f7d1e53	366	NA
0e5b19f6-5351-4b33-8607-2dd2e7f18a05	186	NA
0fd1a96c-32fb-4ef1-b2af-40f80e5365d5	90	NA
1599935c-4d5e-4787-b17b-e0044123ab19	72	NA
16e6114e-da83-4872-9163-db09bc83df58	30	NA
173b4b18-a27e-4ee4-ac07-8a3e2f1aae26	12	NA
185273a8-d799-4b15-bee4-a09c9a60e0dd	2550	NA
18a90fd3-d992-46dc-9cc4-39c3c0bb69f8	2328	NA
0c48eb0f-c916-4444-aa42-456656fbdd1e	858	NA
0c4d30f2-b42e-495c-afaa-a8b12def4af0	144	NA
0d7538be-8b0f-41e6-aa99-efa511207114	216	NA
154f9956-a621-46f9-a29a-a4ebb6811e56	12	NA
16c7b413-79db-495e-ae0c-ff0ef299ea2a	162	NA
16cf1925-bf18-4c92-8cfd-cd179f803adc	1104	NA
1792120f-59f0-4fde-8598-70615855f97a	2592	NA
1078176d-a33d-4364-86be-3682c7ad0da3	108	NA
13eb0124-b6f1-4736-886b-49fafcb3e82d	84	NA
165c6bde-8cd3-4df8-bd40-5f37ca7fb8f5	138	NA
16bf0c72-f782-40b6-8db8-fff510b4115c	6	NA
18f3daef-f9f9-4642-a0dc-434d187c7342	132	NA
18b9735a-058a-4d5f-b820-a911b3690b14	3804	NA
190a0155-1b35-46e0-8231-a6a77f4e91a5	30	NA
1a853380-5908-4d2e-82cb-d7e9a1a65530	1998	NA
1907652e-3541-426c-b53c-17cbd4bc1e52	1002	NA
0dc90629-379c-4bf0-9af9-982cde8830f3	2514	NA
198149f9-adb3-4c50-8702-1b67e8d405a2	4512	NA
199655bc-52f2-4b7d-ae54-8a5b14ef8553	900	NA
19982cb0-ba65-4964-ac0d-b7dca9677a33	18	NA
1a346fef-460d-40a1-b5df-08dae5b9abdb	1176	NA
1abca525-da5a-4212-b3b5-081c965e681a	18	NA
1aeada0c-4ed8-42d2-8e97-b4e6159a6b60	2064	NA
1b2fddaa-f6da-449b-b4ed-8826f6e8f05f	48	NA
1b3dfcd5-8867-4df0-bb55-4c6004ba9ca1	3540	NA
1b422fa0-350f-4878-a176-7c7c5d5dd68c	78	NA
1c3e7f10-7158-4071-97f2-76a60d9d0508	1056	NA
1e61ce34-691d-4519-8321-88eab2bf2075	96	NA
1ea5c6f3-04d9-4975-9694-e85b72d0d108	72	NA
1edd2315-6652-4708-9654-d25343b25190	18	NA
20d914fb-180e-4511-b0d6-34c6c2394035	36	NA
22cd1453-07ad-415e-94c8-c1cbfbc0a31e	132	NA
0dda957d-c612-47f6-8fe5-858b35c4c3c7	24	NA
1b156f90-6b34-4e8a-af5b-422e778250ba	3132	NA
1d901302-a50e-42cb-a924-1baa40dd2f2b	1050	NA
1f280462-9bbb-473c-98a4-d0c51b168a85	540	NA
20cf2ee2-ea3d-4831-b447-aff1b538ecc7	18	NA
21eed0a5-152e-4b31-9cc4-96d59b9cf7e8	600	NA
23cbf665-8e34-4bf9-8f2e-772ec42b5fd5	2592	NA
23f1d40b-7287-4259-bfd0-274ea57cc572	1986	NA
0de491f0-7e3c-4ac0-820d-49702611207d	4170	NA
0f9a5708-a01f-42ab-8a23-4beb57a19178	168	NA
0fa01986-d3d9-42f7-ab87-0af1cb24c384	18	NA
0fb3212e-556e-4b35-bbf4-7c8de87a8d4f	228	NA
11015cd4-9f5a-4736-950e-76f9d5b94fe4	1176	NA
1128e823-f646-4979-9392-f4f375717c9d	210	NA
24de7998-7bd9-4c58-8093-d1d8293d8eda	6	NA
25a0500c-71ac-4c8a-b878-bbb118334e75	2136	NA
25abb417-68e3-46f6-a237-541ae803f0c9	54	NA
25e2aaf2-0e6b-4446-a191-435962008a21	48	NA
25ed23ac-7940-498f-8be3-2114661c2513	108	NA
11a31f2b-3e24-4af5-ad36-3950732cf022	576	NA
14ce971e-b6e5-402f-a229-9d115e6088cf	2328	NA
14ff8fcc-0211-4b26-acf2-3fd0b8003bbf	126	NA
1800419a-c758-406b-8432-e9e42616fdef	378	NA
24e3f2f2-8b50-4366-90c4-bd6af7c1e1d9	198	NA
17c10a86-aad7-4139-aa00-a2ea33082c8e	720	NA
17e334bf-bdef-4b04-a1c7-18b858b6cc59	102	NA
181bb0cf-8078-4ff2-88ad-3bf0c33e86d6	828	NA
1821f9eb-c1dd-4811-a7b0-40245e4f3322	42	NA
2630d5be-8363-43ef-9df6-203a9f339751	72	NA
2652fd7c-46b9-4e3c-862c-62c3fd29e585	114	NA
26c0e545-addb-4735-9e6b-0497e401171d	348	NA
271e4c48-f2f7-4216-b967-77fa8014c1ff	12	NA
28296e3b-aa65-4c3c-8dd9-21f5f5bd0503	180	NA
2868d6d5-6a71-4a3c-b38e-3bb58ee10264	126	NA
2878e759-82ab-4d44-bd5e-f0b8ecf360c5	624	NA
28fc8f20-63e6-43f8-b02e-c8f4cb973386	132	NA
297985aa-ebf0-4b39-8da7-6bc7a989a6b2	30	NA
17a9c0ef-7ef3-4fe8-9f3a-f327187a5ace	60	NA
18ad1084-203c-4b63-b5c8-df9dba4c5815	48	NA
193c946c-0015-43a2-a667-bb7dfe07c088	2904	NA
1aea7ea6-4fee-4b72-b6ec-644db3f8604d	468	NA
1aed3d27-7223-4869-8418-844091585de8	360	NA
1d4e7f5e-86d6-40b9-9573-172298bbda4a	54	NA
2a07ea58-b3c7-45c0-acd1-3129409a5409	198	NA
2c9097f7-df4c-436d-bb4a-6868864cdcb0	114	NA
2c96eaf3-866f-41e0-9887-d97507bb1f93	174	NA
2cc709e6-691e-4ee7-83ed-55608a786161	6	NA
2cce4b72-b26f-4bcd-a307-ad5df418917c	324	NA
1eedddd1-9ae9-4009-bc67-867b5b0e952e	72	NA
26504154-2009-40d1-b915-78867fbdb64c	2814	NA
26ca2a9a-2b27-4137-965b-9084a6f7ae82	144	NA
27b771bf-a13e-42f4-9972-7cb5e74223ff	3390	NA
2104760c-1bf3-4d7b-80f3-dc50eccd5ac2	42	NA
2258c7d2-44ff-471d-919c-365736ec8ced	384	NA
225f2a81-f473-4b38-8b7e-ea5f688e1932	36	NA
237c8055-224d-42d0-9495-894997feead3	912	NA
1893ed69-9dd9-4b73-b222-0f21fe1aa5ca	246	NA
1a69f196-d0bc-4af9-b343-873bcac5ba56	342	NA
1beb6d81-7d66-43e2-a227-87b0dcbfacc7	6	NA
1db221ae-a874-456f-acda-0ea2cd24f811	6	NA
23cbe50d-7323-412c-9afb-7fb88bee12ef	2010	NA
25688881-dc29-4767-9773-f9b9989d54d8	126	NA
2a238095-d9fb-4502-a335-f7dda3eb8b84	420	NA
2b459ff4-42b5-4c52-a451-d8c2ac2ecfc3	6	NA
2bf6830c-5ab3-462a-ada0-8d8bcce2fd3d	1086	NA
2e4fd90e-0610-4c5c-9e6d-37e6e581bc9e	54	NA
2dee541a-ec60-43b0-83f1-ad696314d272	12	NA
2d660145-c1aa-4633-98c4-edc7dee8b445	1626	NA
30f29f54-bb1d-4e8f-b39c-6024fa12f0fd	1050	NA
31abc01b-048f-4632-a7f0-2b2a62a8dafa	5052	NA
26447c2a-fa63-4600-b45b-84c8409701d3	18	NA
27663854-4ed7-42f1-baec-1d62fccc10ae	174	NA
2a1389f9-d15d-4366-b097-1d649d55b8da	408	NA
2b8ddb20-57d8-4e3c-83b6-523a04094ba2	2022	NA
1deb58fa-e532-4c2b-962f-d0754f951f46	12	NA
1e16a9ec-556e-49b3-bef7-173e122cd2f5	180	NA
1fa7df56-4073-4738-9c6f-d14716196144	234	NA
1fe07c03-b496-403f-a5c4-626056058264	3816	NA
2fbaef19-01eb-43bf-a1c6-f9f1f776c6b9	78	NA
306053df-2c9d-4ebc-b89e-89f89e4e903f	66	NA
30e0c0e4-b542-4a63-8e42-1992f2be6c41	198	NA
30e177ba-ddb4-4e78-84d7-c542c42f4710	270	NA
31c3ad1b-3b22-4204-8a77-80d21324f969	1458	NA
3621c553-6e67-40a4-9961-175ff9df6ec1	1626	NA
375f9338-7e5c-4a40-bc12-27f4360e0806	402	NA
1fde1993-1a07-4fa1-881f-ca0e745820da	84	NA
32fd0ebc-65af-4311-8048-830060ba49c0	264	NA
33599931-cb1d-4d74-b6c5-1632512b9da9	1140	NA
3363c2f3-ea64-429b-b5b1-623af7f4a582	6	NA
344774fa-e2e3-47de-88b6-0c7f158259c3	36	NA
3897eb0d-7ca7-4e05-a1f9-4094900ffa82	1476	NA
20630122-39e5-4298-a80c-faa2913316e1	408	NA
214110af-8b23-441f-a951-0b8e9d2e975e	30	NA
21f4b14e-1255-4cac-a56d-75fd7d5de3ce	126	NA
2cf5bc31-0a63-4f5f-a40f-81503e03b0f2	168	NA
2fe3765f-9a58-403d-b381-5e5a4aeae341	222	NA
2ff422d5-b373-45ef-9c91-f187a5d89184	84	NA
303333d5-4266-49ae-86b0-5944b7e82f70	66	NA
2433a827-0948-4d6b-bbaf-15e350ef930c	6	NA
245bd075-288e-4ea2-803e-819b63b9f9a8	90	NA
31e0650a-a3d4-459e-ad52-1dc0edc9d2e7	126	NA
3285dca3-02d0-4492-b5e9-dadf92c15d07	2112	NA
37527933-ea5e-43f1-a8b6-af1888613dcf	408	NA
32c42916-f33d-4e41-9902-d27e93b16828	60	NA
349d00a1-bfd0-4e2c-a9da-0f8123e6b6a1	6	NA
3540ebcf-0be8-43f0-8306-d3d4d72d1bd0	2364	NA
35759a8f-81e8-4c72-8f6f-1f01a53f12e6	90	NA
3a6dc01c-1de7-452b-8269-0290e09fd90f	336	NA
3ab30369-d657-47c6-abed-bc477b0c110d	126	NA
3eb89325-e1fe-4c48-ab19-43ce66380414	48	NA
24aa182d-ca53-473a-8aae-f634481421b1	5112	NA
24b683f1-5a0a-4ec6-a14e-c086071bda53	720	NA
2607442a-1c3e-4ef0-a2b6-1e848db1516e	2100	NA
2723f106-4060-4924-a61c-69f04cedc653	1140	NA
2b8ab7c4-5acc-45ea-a9a4-ae2dc1b68855	1404	NA
2bd0a0c6-be55-4ab5-b6b2-7a865a5ba1b7	48	NA
2be0c816-2baf-457d-a20c-7205d5bba6e4	828	NA
2bf1c15a-cd91-4f9b-88ae-f1a9f88fe11f	432	NA
2e1cb466-193f-445a-86cf-ba5c6904e538	42	NA
3781c721-fee4-478f-834b-46bc9a704595	510	NA
37880388-cc79-4437-bfa6-9bc16d2cf05e	30	NA
37e5fa57-33d1-4a60-b99a-c5d2b1434e52	1572	NA
37f69f42-781b-4873-a35b-97da890dbcd6	36	NA
38b868e1-8153-4d64-bd51-90339967b572	324	NA
39ac065a-8e70-43cc-af24-6c51d4a7d4e6	42	NA
39d2d5cf-f371-4121-a582-02923c9551d2	66	NA
3bedbad2-e414-4811-ad16-0951ec082854	54	NA
3cf1e810-a3b7-42f8-ae2e-c845652f9b61	54	NA
3d483ce5-2acd-41d0-8e35-1750c4bc1e0a	174	NA
3e97e3e9-ce18-4554-b2f7-100f7c3e9f20	936	NA
3f9135a1-ecdb-4815-bd2f-e0c98ab3ba89	90	NA
42a2613d-b336-4994-8a9d-e63050872840	2502	NA
42aa7b92-6ff1-4a82-8cf1-ae572030c1b7	342	NA
31228e15-ac85-472a-b440-bdffccd89099	498	NA
3126c49a-8eca-4f25-ad01-2be8062711dd	1254	NA
4477a7df-5cd5-4384-89a3-6a0541075297	2754	NA
447a33bd-d231-4411-9532-43e19a950f2f	354	NA
46dd2212-6df3-4e3b-ac74-1f46416693fa	72	NA
47597944-f7a7-46a4-90c1-e036723e9f66	18	NA
3724cd4f-0daa-4bc3-91af-9c595bcdc046	1134	NA
470825c9-6fe6-423a-8621-5c34a4b3bf96	138	NA
48a35fbf-802a-469d-a11f-e6c0133ceed9	54	NA
3d83eab3-24db-40b2-b1ab-a2bb97fc7d71	498	NA
3da8de8f-3164-4474-8530-3b4f60d76048	4134	NA
4a4eca6d-2313-409b-acf0-157118d3f42a	600	NA
4c5f7f21-fe4c-46b8-a412-6bec121c48d0	324	NA
4d6cc7e6-5edd-4108-a42b-be592bee3900	2904	NA
314f2051-ed3e-459a-be82-5b5fa452b91a	30	NA
319f1c2f-4e74-4f64-b511-9fd97ce779fe	126	NA
328d1a96-938a-4dcd-8009-3f96436e0fa7	426	NA
3412f091-bdf4-490b-82e8-70c8f68ce5b5	66	NA
363db292-196f-4f4b-a336-358174e841a4	36	NA
3667fe92-1517-4c22-92eb-53ed1ede5928	3258	NA
3765c4fc-8d03-48b8-b81c-63224e8221c3	108	NA
39f40c2c-a3f3-4433-9aac-c1f6fcb76969	66	NA
3dc4f0e9-9846-4cce-9b3b-0edc5445ac32	1704	NA
39d7a254-6ad9-41ed-bcc1-ca73d0ae5b76	468	NA
3ae1751d-0ff4-435b-a804-4e3d51961fed	132	NA
3b26c61e-a8fa-46bf-8434-70ab0eb42919	48	NA
3cf0c3ec-9bfd-45b0-9218-001c1fb3698d	30	NA
3cf0c793-a2b2-40c7-8c30-452288999a50	30	NA
3e1519f5-8fa6-4ba8-a53c-2d07ecade952	54	NA
3e34abbe-2a64-4362-a254-8c2efc86e809	66	NA
3efaa8f4-5100-4def-98a8-2d2866c7313c	1464	NA
3f987193-fec6-495d-968e-a8d2539f533d	1638	NA
4e54993f-ae2e-4b59-a7c7-840e7f4584dc	6	NA
4eb57c41-4746-45cd-9724-75ba3e381b47	12	NA
4f85807e-a36e-49a3-bd52-397d4f972906	102	NA
50658553-1299-4923-94cb-ceb80df0a97e	486	NA
36f6afbb-4424-4c73-9593-9a59b4b95327	8286	NA
37cde3f6-b40d-4e05-a572-c2eca078fdb0	150	NA
39675f20-33f5-40f0-8c3d-535875641ba5	2814	NA
3fcca979-54a7-4104-a68d-1d4b56c0e343	930	NA
521609c2-b70d-4aaf-be9a-d39c0e17d225	156	NA
5284ee00-0eab-45b3-af33-e27eadb1885b	60	NA
531ad691-6c45-41a7-b833-282b595b7666	96	NA
536b0966-d386-41a0-b1c6-deb9399a06db	120	NA
53d1e312-2c65-440b-94b8-14bba8d0f91f	24	NA
3aaee9d9-459f-48a6-ac3b-2f392f630dc4	6	NA
3e08f8a0-edda-4e99-968b-1d55ab173942	522	NA
3e32427e-1860-4b2f-8945-bdf73b95d62f	12	NA
3f4bf313-4866-434e-8fd7-40cbf1c38644	156	NA
401dfb98-86b8-40ce-bc96-cc2946bca6a3	12	NA
4055ebd1-57fb-432e-8b62-3bec46a1662d	120	NA
406b7c5f-f91e-4159-bf89-efed9f781539	3462	NA
40a7053c-9d4c-4e77-aafb-630c25321081	102	NA
40d6eea0-cbdc-4394-bf2a-f8295691613e	186	NA
40f9884d-028b-4d61-89a4-a43151dc216d	348	NA
41e2f98e-8c0b-48fa-8758-ba04b7e7f2d7	642	NA
42779382-b24a-4a1e-a4ed-897a31c4495d	204	NA
427d63ed-d10e-45a7-b378-41981805d512	2742	NA
441dd9c1-6d90-4875-a0fc-8d22b52b0016	174	NA
448ab1e7-6bb0-4133-b314-e696b848a013	132	NA
45df7888-7ab3-418a-be54-739e902bf4a8	378	NA
46251d19-53df-4bca-a85e-95eaa9bf17b1	54	NA
463e99e8-776c-4663-b836-894bc1be4dd8	54	NA
545d0c10-8d31-4ce2-af0d-626bd2af3f0e	90	NA
46403e8f-44ac-42d7-911d-ac32f8b0b577	36	NA
41343580-299c-4cc2-99ee-b19bc1b5c3dd	240	NA
4871cd32-72d5-41bc-b6c1-66a883ec8865	432	NA
46413e78-2bf8-46ba-a9b5-8ad6840ed609	258	NA
464c97ec-0e38-4acb-84f1-aee42d558755	2742	NA
487aacc5-9528-4bab-b141-59d5fdc58356	42	NA
48827ac9-98f9-4c24-a31a-2a38e6eac37b	444	NA
48a7a647-8063-4b52-ac35-91245497fd49	12	NA
48d201a9-bd1e-4fe8-9c19-7032136fdba3	216	NA
5473d1d1-bdc7-4acf-8b8d-c1c0e4ca599f	450	NA
558f5faf-e990-48cd-8758-5b4ac30def4a	1860	NA
573391fd-7d88-44b0-ab2b-bc42eea6cecc	6	NA
47ac152a-1e47-4c6a-ac3e-f1c7dd42021e	3426	NA
49d7fd45-0ad0-48ae-9e23-5f89f80d5ada	24	NA
58b85f2e-cfa9-49a8-9eca-f74849d12d41	1860	NA
58cfd553-d117-4e0c-a124-0d9b7bfe4f8d	102	NA
58e0cb40-27c4-40c5-8bde-dc6e81fd9761	42	NA
5b1f9f0f-4df1-4dca-94b3-3559f205a608	162	NA
4afb6179-dbd3-479e-aae1-f30b79565955	66	NA
4b2088dc-4802-449d-abf2-5ab36e8d3c37	3336	NA
4b2509e0-03e4-4425-98a2-3999af2a80da	78	NA
4c165fff-7fb7-4b1b-98e6-e82b1008f93c	294	NA
4f9389d4-da47-4c5c-8fcd-117cb2f2857b	2880	NA
519599e8-0a3f-4bba-99f5-ea44a4d65bd8	2820	NA
51a585c8-288b-46a2-9776-e23df9346298	144	NA
52208e91-43db-495a-bccd-cad66abde084	102	NA
52787495-f4a1-4fea-a588-34d187dd0544	120	NA
550ebd58-c1d9-4eda-a8d3-4c97f35ad434	174	NA
57feea59-31cb-4dea-b428-18f4e3580f3a	420	NA
588b4ba6-5aaf-4efb-871c-20242a662cc7	36	NA
58ed5b07-f313-4d2b-a916-b80f43d5aa81	12	NA
5b24453e-b478-49ab-8fa1-fbcd1c254f98	228	NA
5b374286-216a-4772-9804-10cdd38d55cf	36	NA
5b3ee6c6-ea7e-4374-9c73-d803f9c50d70	138	NA
5c77ae10-d0fd-4a88-9ab4-aa665ebe2318	3276	NA
5db612c9-a594-46a3-97cc-81a1bf0ff337	2802	NA
5efca11c-7fb8-4248-815d-2bf5198b989a	102	NA
602eecdd-c1d6-4e49-b1df-cb375addab72	306	NA
5bac7fb7-5047-4d2b-9943-73c7540dba50	924	NA
5bae714b-3dd6-49ae-95ab-3583005d2518	3432	NA
5cccdf43-7e4c-499e-ac6f-9b1024f1e669	372	NA
5d34a202-8d53-4c08-973d-a4874610c2b4	2376	NA
5f9f306a-f873-4494-ad34-35d6d04e7df0	48	NA
47ce1bce-62b3-4c78-b765-f9b70bd3da05	30	NA
43636654-90ea-43db-8f12-8c39ed47ef2d	174	NA
46c109bb-53d1-47cf-8b34-60c70d42097b	312	NA
496f936b-0a37-4296-b40e-d6119ea01037	78	NA
4affdc99-3674-4338-a4d5-f95d2704cac0	18	NA
5fcd999b-f767-4219-8b04-aa0f88ff6ff4	1128	NA
61937de7-47ad-4135-924d-afe959872b89	84	NA
63278d9a-c335-4742-92db-5e19b841bd50	36	NA
6358601f-8b02-4deb-a79f-da48c88d5789	1074	NA
66067589-085a-4783-966a-690374790bd6	210	NA
47d8bc95-2a26-4322-9646-732c13bbb671	2454	NA
48038c75-ef25-4b76-97bc-094022722d14	474	NA
48c2e978-e76c-470b-baa7-e84a04753a3b	156	NA
49f2aaf3-766f-4011-9cd9-4df0300d739f	102	NA
4b5ee422-8b66-4119-bf37-7cf89cb0a39e	132	NA
4c38cc6b-a9c5-4e34-9fab-357d109892ef	114	NA
64710fa6-8fac-48f5-a6b0-bc73d8b929af	330	NA
656b2c36-9d2a-4270-ae96-2b1b4ba5f1e3	108	NA
65d56eb7-07da-4aec-9689-a80dbf86ae96	54	NA
678d661a-6cea-43b6-8e41-6c0d79d4e2df	1422	NA
67d94fbc-398d-4949-8e53-a368404610a0	276	NA
682c8b2d-d903-4dc4-840b-f3c09015d62d	48	NA
684e6887-dfba-4086-90d8-cd9d18d9d78a	390	NA
685c700e-2202-4309-a6b4-3ab546cbaa29	12	NA
51e8222f-81f2-4a39-958f-576fe9f847f1	438	NA
556dd94b-6446-4202-8773-39e2973827b9	30	NA
57e07fce-68a8-48cb-bcb6-81c8ca738b71	120	NA
5881b382-4810-4c88-a600-2abc2991934c	72	NA
59cfcde5-f1b8-40dc-a98b-ba94bc96704c	36	NA
4b8017c2-b910-44f1-b0fc-0bea0b8b672e	1140	NA
4ffa6678-5fbe-4df9-917a-0788cce0be5a	132	NA
504a3c65-e0cb-4ddb-a47a-e5df21889544	138	NA
63cd4f13-3482-4456-8bd3-598f6f8a8e9d	72	NA
64632ab3-9751-4c84-b6c4-4cfa9ce5493e	36	NA
6a40a13f-fa79-49e9-b1f0-bf2c5ec74789	48	NA
6c3605dc-1293-4233-bebf-b067c78c33f9	600	NA
6e7eddf6-144b-4c5b-b214-adde97d2ac60	1470	NA
6a5bcb8c-20fc-4100-9388-1d88ab047287	204	NA
6b10d44b-b96e-452c-8286-eb79cc48d180	396	NA
6b1b8cac-2e7c-480f-a2d8-74d0c115fb09	24	NA
6d079251-7d9e-4756-98eb-b467a7483b26	12	NA
6eaf537d-000f-4907-91ab-9adca363eb76	390	NA
6f00f397-60c9-4f0f-a733-65b9d8aa3d07	48	NA
6f3e46c7-5774-46ba-84ab-cc842b73ca32	660	NA
6ff6b029-26cf-47d7-ba56-3a917525df6b	126	NA
73364f3b-5c05-479c-ac44-e466e58e8d4e	156	NA
74903a1f-58bf-4379-a9ff-e72ddb3b4833	2322	NA
7653d174-6df7-4d43-a762-2ba087e0c522	12	NA
7832a221-0b13-4db0-8b2e-7ee9c68e9284	450	NA
779d292b-1ef6-46bc-9a41-646481d251b8	480	NA
7869d3b2-46a6-4d6e-86d7-7e31c8985b82	678	NA
73418245-16aa-4cd8-8ac8-9516eaa7e0f3	390	NA
7346519c-8a6d-4201-8c65-73361e428251	1278	NA
7394f288-faee-4fbd-bf27-efb0a391ee61	450	NA
740f7a60-8bd0-4a8e-ab49-e070ed0589cd	612	NA
742d9756-9f2a-4a94-852d-ec8902694671	36	NA
74539337-cf5b-4760-a51e-9dfcd0e10831	48	NA
7467aa44-2993-4662-a654-27d3c24dc656	342	NA
765ad031-cfd9-4d4f-9ce1-291bc199a4dd	144	NA
767b822b-1811-406d-b01a-afe7d38a9e68	12	NA
52540a1b-ba61-4b4c-aea4-b2de9a846277	786	NA
543991ca-6cef-4f3f-a0e8-7fc7ce4e017d	300	NA
549b3801-eab1-4381-866e-d49a35b5c4d6	240	NA
575b8aa8-8009-4aa9-be63-95e0c9736c29	18	NA
5798e6fc-73cb-4e72-b211-c25bf771eafc	1314	NA
579119d1-2e81-49b9-94bd-5fe749f0aecd	780	NA
5794623f-7b08-4f0d-9b3a-fef3c8aa521e	708	NA
57dcebe4-bc41-44e7-a9bd-50681c63c93f	2106	NA
5826c2fa-4d28-4acb-89ea-89b2b8ec0926	78	NA
58a5323c-0391-4cb8-bb34-f7ed86028025	492	NA
76f57276-dc6a-4e86-9a6f-eb2cdbaf4ea3	12	NA
7738bc72-ba82-4f59-993c-00648aefa274	714	NA
7a271515-82c4-4129-b914-f4c70c7c8abc	1440	NA
7a3df4a6-c580-4a03-b547-31826b400b86	96	NA
66baa53a-0527-4692-a0b8-ba9be58d1b4e	84	NA
7c891080-3cb1-43e1-84e5-7fb44643a7e1	114	NA
7fa88951-540c-4973-9fab-18c9620b156f	4716	NA
811b4d83-3b04-4643-ad8c-dbde057ddff0	3258	NA
78851a90-7b31-4f37-8a63-dbd5edd9e5ee	180	NA
79a55628-22e7-4ff9-9241-74d613e51b52	78	NA
7a8a6af8-4245-47be-9b3a-1a5a55f62690	144	NA
7c35d475-d19c-4ab0-8e72-93ede547b1d7	570	NA
7c58b144-2648-4202-9349-1de45089a0cc	48	NA
8022e31f-b693-4766-a630-793dc7bdd1eb	420	NA
80547eb8-8f44-4660-8ce9-5d521017a3ed	240	NA
809e8240-bf96-4cbe-9825-a467699c4cc6	12	NA
80b0a240-ef32-43bf-9eb9-0c3e94f8ad69	60	NA
7e1515c1-49fd-4a07-a500-deb7af38fc77	126	NA
81fafe93-f2a6-46aa-9bf7-659625814e5a	6	NA
8286437b-fd52-4c65-9e9b-cb4cd94e77ac	414	NA
7ea2950a-64be-4614-bdbd-6ab444fa0ec3	60	NA
7fa13e3b-db0c-4f2a-ad5c-19cff673df45	3024	NA
8286ec14-e84b-435c-ac07-ff8bb06315ff	606	NA
82a346b5-2a3f-44bc-8500-e2dbf77f634a	60	NA
66cfb604-cd2f-4698-98cb-7af83b72b657	288	NA
6cbeb5d1-0c46-489e-b791-9a03567b8150	96	NA
6e66ee66-0ce6-4ea5-b7f8-cb8084e4aad7	228	NA
72a67618-b9a8-4829-9e18-10ec35237e09	150	NA
5b8cec6b-8224-452c-9cf6-dc6959ef56a2	114	NA
5bd0789a-10b7-4604-972a-f19d7fc01f05	780	NA
5bf65a54-dbda-4803-b536-9a12bfc103aa	3342	NA
5c18f424-b85f-45fa-b667-bdae5dd60d3d	48	NA
5c517d82-0202-4e5d-941e-a72f44cb67cb	558	NA
8338d653-bdb6-4c0b-806f-d13f00c98089	1890	NA
83afd9f0-2138-44c2-9608-66df187c9ac6	1116	NA
83f83ac7-500f-42cf-be11-ec7245428bcd	168	NA
72d78da5-011a-4a65-aca7-fbee6b615458	444	NA
7498a94a-5e9c-4d5b-8580-c8233f67bb99	54	NA
74f66a61-68e8-4ecb-827d-20c625c26112	1122	NA
75b9994c-7713-4ad8-9276-2f60b715a421	84	NA
5c79dd76-18e2-4a17-bbc6-8bd5e93b1118	72	NA
8543a681-2a6a-405f-8d9c-73e47edb5f2e	126	NA
87dcd9e7-93c9-4b70-9b53-e45edc5f0df0	150	NA
5da2945b-418b-418e-82e6-be95d348d4e0	54	NA
5f00f858-3bb6-4d30-97f4-643675128332	114	NA
5f656bf3-1201-47b3-83f5-9ee75139e306	102	NA
87df86d9-f96a-4302-af4d-4f3e56004fc9	72	NA
88890bf3-3430-443f-91fa-0b0b6746cb4a	72	NA
89fbca00-41ea-4044-b12f-0fdae5f0180a	3516	NA
61808a43-6582-4bee-8a05-427adf419622	174	NA
61dd4872-29bc-4835-aee6-20e95f66cb8a	120	NA
7580b1f0-7758-428b-a28e-675c5d1653f9	12	NA
760c9e10-a2f8-4ede-8b3f-89799595916a	264	NA
77ec32cc-dc78-44ee-bfa2-0804fb09b47a	1188	NA
875b9c42-bef1-469a-a6e1-4219cf947341	138	NA
8890a4bb-5d5f-4e01-9789-a6ed1037e61b	174	NA
88f70ee2-1b97-41ad-8c84-40815c44ad28	672	NA
897eec6f-3baf-4b13-8a61-b0d09f19bae7	96	NA
898df34b-ba09-4b5d-923a-7bca5a22dbfe	282	NA
7948fd58-5140-4f5f-afb5-5da7ee88b353	6	NA
7b324325-6c77-48ce-ae80-6862c2049f56	2640	NA
7cd4c27c-9552-4679-a832-d53e870032e3	516	NA
8ac089af-4b2a-46d1-a057-211d533c6000	978	NA
8af7943c-4225-484a-9453-c93057b5c87b	264	NA
8b05964a-57cb-470f-b1d5-8d2a057b8b51	552	NA
8b0ccaf8-0b1a-46ab-a030-78c36d058d4d	48	NA
62686c23-5358-4916-8202-056e7cd3562c	3186	NA
627dedc4-6075-4b81-932e-71d585277427	1512	NA
62a27102-d69b-4ef2-9b52-ab54216b6b4d	138	NA
8a0142e9-15b2-4087-982c-52c6a4f4faa8	384	NA
8a26bf67-dec6-4831-9eb4-259e4a7d7611	486	NA
8b4a6c34-0a95-46f2-90c7-56c2af14ae01	36	NA
8ccb1dbb-2cd9-452d-8ca4-64f1fe690f4c	426	NA
8cd6eb72-f4b8-4f4d-985b-7cbe26f734fe	438	NA
8cdb4df2-2f7c-4cb6-a995-dfce4ea0a0c1	1110	NA
7cbcf758-c028-4907-9c11-4e978a6358d0	1044	NA
7cdfee14-c0bc-49c8-a4e7-7eb329243762	66	NA
7ce4900c-c40c-4bb4-9277-819558d1321f	84	NA
7d52f7af-3740-4e7b-92fc-3a9a7118baa6	72	NA
7d5969ef-9feb-4b02-917e-0ed92efa1870	162	NA
7da78b24-9a33-4d00-a1a5-73e6f5fa2729	90	NA
7dd4a443-5c49-4eb5-ab43-6687f00fe827	846	NA
8e4a7dde-4b46-426f-9911-23a6a7af3b6d	2550	NA
62f04d34-66f3-44ab-a316-d1fe7d7926f5	156	NA
630ab916-8750-485f-83f1-4ca146cf52f1	3072	NA
7ded32aa-64ef-41fc-95d2-08eb6566645c	90	NA
7e8ee901-c993-446e-8cb1-897bea2ec88a	2562	NA
7f792014-de0e-4aae-91c1-83d47b27e288	330	NA
7f943b48-4a13-48ea-bba3-dbcf99028a98	612	NA
7f97624f-283a-4d30-af79-94e2f85d6a2d	36	NA
64fb4ed1-b05e-4966-96f7-6e808911c9fc	42	NA
65049984-a06f-49f7-899b-6ef99857c711	402	NA
6557d056-e572-4e53-90f5-428067bbe2aa	2694	NA
66f18f77-8328-40d3-aab9-66d9273076d2	42	NA
6bb160cb-40ca-4ce0-b264-7bae3dba7de4	18	NA
6c19e6ff-dfde-4be8-82f6-ebd524f9fd3e	1584	NA
6d86dc85-4a4a-4a83-8c1d-78864fce37f2	348	NA
9118fb03-d53d-45f1-aeae-0786e53fe48e	276	NA
913c54a2-c0b8-4670-acd4-87d760d11380	2214	NA
915939b6-47ce-44ca-b063-fb02dba97ff3	54	NA
921121cb-58a1-4cf8-85bd-17bec212e86a	1110	NA
929577a0-3ba3-419b-b250-3c15bdacee91	636	NA
9466b2d2-190b-49f2-b214-38e6efa8f983	78	NA
95026c36-31bc-4535-84b3-5f9424e002ca	126	NA
95920d76-f9cb-4dcc-b1fe-bf920dc66e71	42	NA
96dec0ec-23c7-43c6-93cc-bd582640e6bc	12	NA
97053764-b4e5-4885-ae65-d3ec0db2a42d	48	NA
972d3c9d-3c77-44ca-9d32-4e43a227bfb9	174	NA
979872ca-93ec-4d82-9849-93f19f6329f4	630	NA
6d88d3e0-56fe-4183-9b8b-92ec531e9ef8	1452	NA
7fdd5bd4-3bd8-40d4-91bb-ca5122d7a73c	606	NA
8378ff53-ead3-4c7c-8733-8bedccabd911	2310	NA
83a65aab-f9f5-4b71-b8a9-73980c5659af	276	NA
98464829-d6cd-4f15-bf1b-2026fda5f6ff	942	NA
986b6e09-55bc-4b73-80b0-6e13cd7343be	12	NA
98b8395f-f9c0-4e9a-a530-e53c2200c496	126	NA
98b9e461-1a3c-4bb1-9845-4ee2b8511210	42	NA
98d544ac-c4ae-44af-8616-28b6bbf56af0	288	NA
8dce1e17-5730-453b-b6e3-5ad5e965c635	24	NA
8de66c28-fded-4cd5-9386-5bc7faf84c23	150	NA
8de77b98-009e-4afa-9354-412a425b4e44	48	NA
8fa93014-f658-4092-a0cb-63f193774997	1446	NA
9003635a-40aa-4951-a164-4569a0a43566	864	NA
84642023-8c80-4db5-814e-61488904b85b	1212	NA
846c2da0-ad31-47b4-800a-5044b7f28b18	36	NA
9b16356b-8da0-4732-926c-f389b5dffb34	120	NA
6e14d3c5-4ba7-414f-998c-3caf6d6bbe18	438	NA
6e267821-10be-4f68-8703-8ff3558fe92a	456	NA
93352420-1328-47ce-8408-08e0a70ce194	3846	NA
935e447c-db3f-4d53-9cc5-bc1e7daa3606	66	NA
936be9f8-370b-4cee-b279-5479bb719447	936	NA
93873613-deab-4d81-93aa-e668baf8a0cc	2430	NA
9db1e79e-07b5-4a28-b9c9-4681079fb7f1	30	NA
7044d7e3-b9d4-4d50-a019-cd3b34bb5f8b	210	NA
70be6970-4924-46f4-bda5-eb6a913e6f12	2256	NA
70fcd264-6772-4b82-8467-b8deaa32fb99	1362	NA
7201c3ae-ac80-4f6d-a810-3d637aafe176	30	NA
72772d12-a2d4-4115-9791-3ee407852add	786	NA
73a7e35a-08f8-42d3-b69c-84af0bcbc069	24	NA
8725965e-1a73-4ae9-bd9f-8f9d0e4f6fc2	1134	NA
876df02f-d625-41e9-9277-5aedc9149ab2	510	NA
8aa816c3-5ad0-40e3-8efb-279e4ff7d6af	30	NA
8af2e7d7-6e32-4f74-b1f2-48a5aa3ebdb2	72	NA
8c3cf57b-f746-423c-be43-353d0a400e51	222	NA
8c534d5f-99b3-489c-888c-07679ac3019f	1536	NA
8cec0b2f-6814-4112-986a-be4afb2854c4	54	NA
8e18b3c3-e343-48a8-8a8f-6703d985466a	144	NA
908d1c73-f2ea-4ac5-b551-53075e489e51	2928	NA
909c8b32-5204-491e-b536-b1f66ecf8dcb	534	NA
7a114798-4990-42b5-a12b-b2a51fee7d63	48	NA
7bf6a5d5-6f84-41cb-af70-5f1719fa55e1	6	NA
7fd7bfe2-2b5d-430c-97a1-0cd87a08c4eb	2460	NA
856d888c-ca57-4efe-8c66-71d1f0f5aeb8	42	NA
9e7e106b-bdf5-415e-9c2b-40c970a76b55	24	NA
92bbb4b9-2b5d-45eb-b650-53c1ea0353b2	486	NA
92c363b4-0a51-4f9d-8602-e9c4648d5d8b	210	NA
9e8bbaf0-6288-4013-a940-a1df8809ec04	984	NA
9f7640d6-1b6b-400f-99c7-84ded87c18f5	1434	NA
94172a66-b63e-4765-b0c9-f955d7c0eba5	210	NA
9abfcf1e-9d00-4455-91f5-44aefdc74068	276	NA
9f165b32-904b-4abe-94bd-6dd07f64adbb	912	NA
a055bc19-a482-4fa7-bb15-76273cb16b21	6	NA
a0ad3f35-89ca-4457-944e-88cb097e6c82	78	NA
a29ba678-4e91-40b5-9d4d-4a4f5f4e86b2	6	NA
a5af4539-9298-4c7c-bab0-629c6da6cbb2	24	NA
a6f8bc71-c20e-4bbf-ba38-4b83b0a7a6f3	54	NA
a8238e7d-0f81-41ea-868a-ad8ab056ab80	54	NA
94207dfd-d966-49fe-93ce-42fad41d23ec	90	NA
94a53574-282d-43bb-91f9-2b274a05938f	5586	NA
964566ee-253e-4f97-96e2-2fdcdb63021c	42	NA
96b27998-cc1e-40bf-a6b0-2dd26262a139	198	NA
99b01ba7-7a21-429d-8c66-6323c905dc59	24	NA
a144a64a-b980-45ca-980c-27d9d6c7b759	30	NA
a2d0d538-ec1f-4d4a-bbaf-9d0ad301b518	102	NA
9f63a8e0-88ca-4ca7-84c7-dbd856aa97ea	132	NA
a9b2e9c6-1ece-4ba2-a8e1-c0bc1c3910c6	126	NA
a637e5b8-3cb3-45e5-88ef-618a4c131163	432	NA
a6512144-4569-4b6e-940c-a2f428a1ca45	1056	NA
a87be834-e3ac-40b9-b0d0-06307a4602a6	2220	NA
a8730b1e-5996-413a-9040-43b661c2910f	66	NA
a9c8a601-3ecc-4634-9324-ddd67feb3b17	12	NA
860f2e8e-3241-4767-8feb-225a3f04cb52	2406	NA
8655f619-495b-4250-adaa-3c3a10beb4a2	144	NA
8699975f-86e2-4c02-81ba-7c12b2c6898c	60	NA
a9c5aea7-be8e-4597-a827-176c1bebdcf6	18	NA
aa07a12c-9434-4bb2-9cac-8fca71f8c0e5	186	NA
a1c52fca-ac07-4191-84b1-ee9881c81fca	120	NA
a1e703fa-eaef-4f2b-9be2-1c07ba4eca31	42	NA
87186b35-6d9c-4e16-847d-b7b24023119a	162	NA
8a36b568-1c43-4d00-b138-a442880c91cf	258	NA
aa65159c-e440-49dd-9fc3-8f888a6b98b9	1092	NA
aa880b8e-f35f-45d6-9793-5d7300afeb95	288	NA
adb50cfa-1b87-4f50-bcb6-8275d0ed5ae6	66	NA
ae333731-e64a-45b3-a804-11ff50ad74c2	18	NA
8bf5154f-ae30-4ed9-98cd-4d064e50673a	192	NA
a9edef01-7c6a-4351-b951-881121712b57	336	NA
8b738863-0e5f-4d74-a410-9b9bbac1490b	3594	NA
ac150a8f-0fa5-4e11-8f96-45fef68aca10	600	NA
ae0452cb-da67-4745-9f61-0cb8619ed50f	1530	NA
8be73dcd-7248-4f7c-bef8-2efc26264e0e	294	NA
8c12a1b6-7440-46e0-9054-ad6c23673db1	2718	NA
9135dc63-b409-43e3-b2d9-cf6897f9a6c5	168	NA
91d8a4c7-706e-4333-92b4-2dd8481aca60	180	NA
af62aa12-5d3c-42c2-aa3d-0b0882de5452	4266	NA
91f3d70a-b75a-4986-8bbf-7d73cadcdaa3	30	NA
92f0ff06-c7e4-4cbb-8d4f-3ac6bbc5415b	72	NA
93758814-31f2-4a66-970b-1307c8f2a189	150	NA
b12a4fa1-e0ad-422b-b459-0b35a25a29c4	2820	NA
946d57d7-5cae-4b46-9995-316721bc1c9e	1968	NA
97ec6f2d-51fc-4a9c-8c04-44465f2556a1	36	NA
b31289e9-c2b6-4ef8-acd0-137e05fbc089	672	NA
b4b7a43c-90de-445c-a8cf-f73bd97a344a	36	NA
b4f50b4f-4e1a-43a9-875f-d2e6fd52ca6f	354	NA
997ea422-b553-451a-8441-5d7197d66f69	54	NA
9a02025c-72d0-404a-9080-c44b7bd57bff	3642	NA
9b3ebf6e-b210-446c-b65a-263ac8eb4c5a	126	NA
afafe590-585b-4ae2-914d-829352142540	30	NA
b5981d0f-ef3c-47a8-9070-f42fc780ca24	108	NA
b14c495c-2c8e-48e0-83d1-d8aea35ba098	24	NA
b1bb22a3-af6c-426d-850f-42e185749263	516	NA
b75defe7-a745-4ac8-b0ab-d08bc536f37b	48	NA
b40caa39-8c93-4cb4-b7c8-0a203f334dc3	246	NA
b43ff825-ff45-4a53-b976-2b40c4783f3d	30	NA
b4aaaddb-62ba-4aad-a2a3-76e27d2d5392	30	NA
b5f65bb1-19ff-4331-9de8-df307fb91fb1	222	NA
b6322158-dded-4370-8f47-ed4d262e56b1	1194	NA
9b50f843-b32a-4e82-86e5-d2244342d50d	2112	NA
b6a24b03-321a-4673-9c3f-129034723512	3546	NA
b6c31683-7fe5-4325-b46b-03ea20d38978	126	NA
b758ff4f-9e36-4066-85ee-2da9352d62a5	18	NA
b99178f3-fa35-4014-bd24-181fcd20742f	198	NA
b9fc86eb-c665-4b37-a0ea-7de0c86556ee	18	NA
a26dd35a-92cf-4845-9fff-39b9f770fd36	12	NA
a55abacb-2f3b-407e-83d6-eddfc807f745	3456	NA
a5d88817-d6dd-4002-a909-3d258170c791	222	NA
a7abc13d-bc13-4faf-ae14-a3248f7468d7	1920	NA
a7b20a71-f35f-4ab3-8424-550793bec0d4	54	NA
a88441c8-20da-4884-949d-12a7dee37361	72	NA
aa8ada98-3e0c-4a2a-b347-65c1e9b7b69f	66	NA
aadde582-2daf-4174-ad78-5dc0e121ab56	132	NA
ace19004-a1d3-43fa-9953-b72ff4806cb3	48	NA
ace8479c-8e78-4bd8-b2f4-bbd280d955cf	102	NA
ad133ae8-efbb-484d-acfa-323c79e97ef5	318	NA
9bb9dfba-4a7f-47bf-bfdb-5ddbeccf8ba5	372	NA
9bcb4ba2-a8cd-43f3-b3e9-90d9aedc9e2e	2064	NA
b74f2754-71e1-4105-89ed-88011f369678	2826	NA
bbfde7b3-f2cf-4752-aa02-dcd2509ebbb7	204	NA
bc3060ab-acc8-4e66-8ca8-0f0307a58f4c	30	NA
9c1229c8-766f-431d-8020-316749c9f2c3	402	NA
9c1c316c-4fc4-430b-86c4-06f802ece996	384	NA
ad2546d5-d258-4605-b44c-57cec8a098d4	72	NA
ad4a9d5c-c619-466c-8249-548876ef3f85	18	NA
ad622b1e-d08a-4ae0-ab1f-1936a3f46c48	216	NA
adae8d13-709c-48c7-a69f-957d452be2ff	3036	NA
bdc785a9-58c6-4036-88d6-ac2f415b28de	72	NA
be72a7ac-6daf-4d11-a21f-f3ee23219abe	30	NA
bfe6b7d1-53dc-4891-8ef4-a60bac98efe1	6	NA
bfec4632-f433-4225-a156-c1fb062d4994	408	NA
ae191753-8a76-4265-898b-a2f8b7cf76dd	1260	NA
b0220434-4533-4ecc-9430-7c611a0caaca	6	NA
b0a6c8f3-3408-4428-b944-5890c5dd3af9	168	NA
b9cdca32-f8a5-4bff-ba35-748862648314	258	NA
bab8ea31-e296-4e2a-aa9d-462f90228591	120	NA
bc804085-7ea0-4c1d-a977-30c207d914bb	126	NA
b0795115-a789-4a47-aafd-9e2fbc5f99a4	342	NA
bcb9a42b-b4be-4f94-b836-deb0f60d99dd	60	NA
c26c6668-d5f1-4d9f-8279-6cd6acba3333	114	NA
c2df7739-2c82-461b-aaf9-a5a542539233	348	NA
9c6e431a-eefb-4d5a-978d-e5e9112db0ea	90	NA
9c8388c8-56ff-4c4f-87f4-fead2d0abdd4	252	NA
9cdc2dda-849d-46c2-9099-04cf02b4f939	18	NA
9d399c27-fc1b-4d4f-b29a-3cd97e669b5d	312	NA
9fc659ef-edca-432f-9a3c-d7d12cd9ea93	30	NA
aff801a9-9e27-4e5e-ab68-fb79cb7df111	150	NA
b2211baa-71dc-44af-b667-6494df1334be	144	NA
bfe75f90-e059-4397-877c-4e1ddfc53632	582	NA
c112da6a-2b79-4cd0-8f53-ba0d23c50fc8	78	NA
c11fb664-052f-40de-8972-43b8097f975f	36	NA
c188fad1-00d0-48e8-af16-424582f15417	72	NA
c273ad98-8f10-42c5-9f74-2fb2933ee1ac	54	NA
c3d6a700-eba0-44fa-8864-162f4ead0f91	2490	NA
c8db7a61-dd24-4f01-8099-128d6e8acd47	426	NA
c8e1d95f-f9e2-4856-a298-f50b2c392aa3	552	NA
c8ea71be-e8bc-4313-9a73-943060ce9576	216	NA
c9fd55d1-e38d-44dd-a5db-f1d7e732b013	258	NA
b22d7ba5-660d-4af8-901f-a3adffdfa129	96	NA
b2bd97c1-73a6-43db-85d0-d0768a4a2d7b	228	NA
c201f432-b65d-45d3-b51a-cd7ecc80f33d	18	NA
c2ee0fb0-1edb-43cf-93a3-7907ca2aa323	126	NA
c3371c52-6620-4c28-9472-a7a925ff2d2b	30	NA
c372059f-fea9-4b30-aa72-f1fcfdf5b477	3690	NA
a49ce430-275e-48b1-b46a-50e349d88134	186	NA
a53087e0-82b3-4b41-9fd3-789d51c51bcb	1854	NA
ca64b5cc-8b4a-4e7c-9084-ecebea45b64e	2340	NA
cabaeda5-16c5-4eb6-91ff-66afaef7be6d	1488	NA
cac1b62f-ab4b-48b4-9930-dc440410570e	18	NA
cb157287-f44b-41ac-b502-7eec55d851f4	54	NA
cb94c4ea-43e7-4fab-acfc-7807a57213cc	1260	NA
cce2bc05-dd9f-4cdb-bce6-83b79a52406f	6	NA
b4f8f85f-f61b-4a5f-ac71-17b8ac1758d3	2502	NA
c64ff05d-a94d-4cd8-8c75-130c37c5f49a	2598	NA
b57971bf-26ca-4607-9074-f407c6b26ba7	132	NA
c66f4a18-a972-4171-86d7-0f7fcc6b7ece	3006	NA
c6d51f01-fa6b-4dee-b72c-2707979dc439	54	NA
c7238e21-e62c-4eaf-9eee-e2a7debd0a62	6	NA
c75a6eea-24ee-4e8b-83f2-00c94d0ff266	84	NA
b7e987fe-e0f6-43a2-a63f-ad31da68dca6	3294	NA
b8207a0c-dfab-4cbf-9718-edc429e49655	390	NA
b92209b3-8083-4acf-983d-3c9367348473	288	NA
b926e882-fc80-49ea-bf59-5d6bfc1c3d37	90	NA
b99e26d0-2901-491c-a506-726d62e4f8c9	1170	NA
bb97a028-5ca6-4bbd-8b5d-455702857716	234	NA
cd1c2319-d9ca-4000-b4d0-1d8d1a27ee01	132	NA
a7a0e41f-44d4-411d-a549-84ec688ec290	150	NA
a8ae0ad0-ece8-4bca-9094-90191a75a327	444	NA
abad8a42-c136-456c-98e1-9c34f944df71	336	NA
cdb0508f-517f-41ea-afdc-347111abb704	90	NA
ce6d5e6b-da34-4f42-a30f-1334d3cfb87b	1020	NA
c91cb838-2299-4de0-8599-86f3a0b6a992	642	NA
d109d26a-7812-442a-b4e7-079b908ffa23	354	NA
d1d9619d-c68a-427f-bcf3-7c2350a5b07b	24	NA
ae07e4c3-afe3-4398-9fc6-da9729f3538c	18	NA
bf21d3ba-8769-4f6f-9697-3f50555a8c87	3372	NA
c0293126-165a-49af-827c-f0214f42070b	318	NA
c09b2070-19c4-4401-a04f-f09bf5dd6644	150	NA
c11eec13-c961-4b9b-804b-634d4f06a29b	132	NA
c3ed6af2-4113-419a-8871-c25dddf2e650	1962	NA
d319d5e6-2252-4299-87ab-2272e20c9d7d	936	NA
d4341cae-7e39-4e9e-a906-050c14a5f291	60	NA
d4b98906-6a84-4e08-a482-e5ca730b9442	1320	NA
aeba7dce-f3d0-4316-9469-ea0ddd05200b	84	NA
af2fb30e-ee80-49ce-8283-87bd81bb325f	48	NA
af4d813b-f4dd-4dcf-90f6-66ec65de1c0c	72	NA
af4e5f3c-1d47-45fa-b835-c052c7b98848	24	NA
b4b24842-e306-470b-914f-c622537d7e31	348	NA
b5ec0fa9-f5f4-4d39-bfdb-ce4eacb6bd7a	18	NA
b78ceeff-6efa-4253-adba-cfd9f53c49a9	126	NA
d5df768f-0b48-428c-ae3d-153455161628	108	NA
c7aed75c-f100-4580-b04a-525fee71c2bb	48	NA
d62445a2-5f22-464c-97d5-3d3517fe866d	2610	NA
c814c2b1-375e-4ece-a7af-005227b45669	132	NA
c82fc149-8d23-4f3a-b875-584a95fd7dfb	234	NA
d6a4711c-1cb5-4d3f-a19d-461e9f28da69	60	NA
ca20818e-d6bf-4388-9da9-1377008d3735	12	NA
cb783f5b-912c-432a-a8ab-c1f093b15ffd	432	NA
b99a3730-3a5d-45cc-87be-944b0a6746e9	396	NA
b99b8b66-fd38-4000-bad6-2725fa04a717	18	NA
c88e3fae-d53e-4769-8164-acb437a0ecc2	4026	NA
c8f4d337-7fc7-4c95-ad7f-b17dcdaff507	540	NA
ba2fcebe-f04f-4653-8ab9-8d9df60bc6d1	54	NA
bc1143ec-db7a-4663-a4fd-b695e416cff8	156	NA
bc1c089b-7e1a-42cd-b269-7e45992e43c8	288	NA
cf437d17-07c1-4f29-8fbe-e110c87479a1	396	NA
cfbbee5d-4d45-4425-a181-9bd34c651af3	90	NA
bc59e691-e9b7-4966-95cc-28591ff654a5	972	NA
d01989da-935a-4b1e-ac0d-57add54d56e2	642	NA
bdfe8797-a558-467b-a027-d78eaf36eb7d	3774	NA
ca279254-37a0-4aae-ac50-5edb55cf700a	1164	NA
d06cabcc-02a4-4946-973a-e93f2754bca7	60	NA
cb49fd08-a4ba-4514-b796-ac595eb9a3d4	36	NA
cc131d41-06e3-4477-867d-98a00bfe6764	534	NA
cc4c5f51-ae4c-4a18-a263-80fdfcceb7a9	348	NA
d0702fb0-b639-45bb-9657-446b1d853f30	48	NA
d08b437b-fefd-4151-8af1-2ef4d8b0b94a	36	NA
d28d4405-6430-44b2-ac97-f797f54bb151	6	NA
ccaa8c67-d43b-4aee-ac95-ba87621d60c2	282	NA
ce0b37d0-ab20-4ff6-8d65-2b8d2f7cb4f1	66	NA
d721b08e-884e-4c58-a9c1-4235cf918eee	2250	NA
d8cdcc86-e536-4f67-bcbd-3b56d5bdf9c7	2988	NA
d4dd9040-cad5-4086-adb6-d822ec957e9d	30	NA
d57ffee1-1457-41be-8d58-85ae031d0d30	372	NA
da7987ca-b8a5-467f-9bea-7147b42b9ee8	126	NA
be48ef36-b0fa-4283-9f0f-b327c90b6b0a	42	NA
bfab5605-8775-41fa-9056-f9db589f7744	30	NA
bfafe76c-1e58-49d1-9c53-11289d3ab17d	6	NA
c06b5b4b-ba3c-4cab-9082-7dfa8904bf8d	2370	NA
c3b2ebf3-e312-461e-9ad6-33eab96c1d57	780	NA
ce91e2a7-ab5d-41e4-864c-286635a70898	3354	NA
d58182a8-a1e5-49b4-a547-571a066a1044	132	NA
db08f94a-7774-4dc2-88c2-646d73b91e12	72	NA
dbc540d6-4f2a-49db-92bb-fc7c95a75642	504	NA
dc3e9c22-a623-4ccf-81a7-78d59e4b4511	42	NA
dd041f8b-7e72-471f-89b6-f7a3dcfd6d86	324	NA
cef0df2d-12d9-40d7-9d0f-d9fc04a2db2b	120	NA
d0a67780-e437-4c84-bb7a-0979267d876f	24	NA
d35e2504-1a2d-45eb-80e4-1f77bbb0f263	6	NA
d35e79f5-c73a-4052-a347-e9b1d150ade9	1980	NA
c4d8432a-c74e-4013-a011-c049ed7342bf	198	NA
d734103f-7ee6-42b7-9ed8-b575fb9cfacb	480	NA
d7a5c8b3-a0fd-4a7e-acbc-8d5063dfee1f	246	NA
d52cf08a-8fe7-4171-866d-54c88654a37a	12	NA
d6062c19-c1e5-433c-8798-08af7f0e0c45	162	NA
d8bfb1b6-fc2a-4cbf-b460-0b81de86194b	24	NA
d93a4706-e068-431f-8748-fe24ec8aecf6	138	NA
d9dff39b-6e8f-4363-8644-f5dc0563a392	6	NA
da31faea-3060-428e-81c7-e253cc962263	996	NA
db1bbdee-589a-4a87-a7f2-7640ce1f179a	6	NA
c5a7b499-e201-4b7a-99c5-b0f790a04163	18	NA
c6ab0345-f415-4f5d-9755-7ba12899e86f	42	NA
c6fb36aa-c259-4a5c-9e93-950a587de951	96	NA
c7c3dd3e-e12b-407d-9a51-0a5e108010be	918	NA
c8f51c50-efb4-4189-9adc-47576b350641	450	NA
d795132a-7e76-488c-83a6-919f4967fe15	228	NA
d81acc27-1001-4c2c-b022-0239090be3f7	96	NA
de57f7ba-2acf-4348-9941-93974a85014d	672	NA
e29cc5cc-1f9f-45de-bb26-7d85ab4742c0	1026	NA
e305caaf-330d-4fd7-8f41-4104bdc8ebf4	3978	NA
e3664c0b-13cb-4346-a096-a623a18cda3a	1218	NA
e37864f0-26a1-4bbc-9d69-1be46959514c	1980	NA
e387fa34-a5d2-4aa9-abf7-620291116b11	2676	NA
e3951844-f2ab-413d-bfa2-e55d17473710	138	NA
c9323a7f-dc66-4383-ae6d-cfb7c24da133	540	NA
c9860d4a-971e-41c2-beb1-becf5fcdf1fa	4326	NA
dd88c110-c41e-4011-89c5-945aa83949e5	36	NA
dd89ca8d-095d-4acb-816e-18feb052ec93	42	NA
ea56586f-bda5-490e-b0cf-5f94daefb809	318	NA
ecbda448-6f52-4a21-937a-64937540c3c3	18	NA
eeccc295-67f9-4303-910c-c3e43cbb2924	1188	NA
d8afa1a8-f723-44f0-b307-620472f651ec	156	NA
ef9505d0-a51d-4181-8fe8-58e812c05479	1188	NA
ca3cd7ee-2467-4032-873c-e4b588493419	1044	NA
d8ed0ff7-7866-45d0-a377-b38eec61f94d	90	NA
d97045de-d903-4cf7-8cf6-a6ca85156843	516	NA
dbfe3f5b-8a00-446e-b4a0-81eb2a73d884	648	NA
dc0c0359-1713-41de-9437-7562264e32da	30	NA
dc6bcce8-065f-48fd-997d-86da89a11e1a	18	NA
ddedb482-33a5-459a-8186-124f6e5d90eb	18	NA
de81c8b1-e760-4224-9bdc-90085e7f30e2	132	NA
debcd990-62b2-49ae-ae67-46d6846e4809	168	NA
df325455-278a-4f77-b70b-069e397555de	4548	NA
e3447029-0ebd-467a-b0cc-222307bfb7e1	54	NA
e40f1c6b-273a-4920-ae73-daab443816d9	54	NA
e5a0402c-9d6e-457f-bc8d-12e9bb8f4321	24	NA
ca3ceba4-8202-414c-ba0a-4cb0572702ed	96	NA
cfcd8443-4e37-4973-b550-d7ce8a4e4f0d	240	NA
d033ffcd-1ac0-406b-ba47-512cd26a8dab	4344	NA
d1f956d3-d302-4101-96a9-0a3afb0b8e1c	282	NA
dca5cf66-ac25-4953-ab40-c370ad54c322	12	NA
dcb21588-c0bf-42f1-8978-be01177b8e5f	6	NA
e572fc91-c1af-4858-b60e-cf72ad74c503	252	NA
dd2cf090-d570-45c3-9975-dc822af0f90f	1938	NA
dd32405c-3cb7-450a-a6cf-2691aaf59fc2	240	NA
dd4edbcf-e20a-4fdc-b042-4a80a6e2b768	294	NA
de2239aa-032a-49e9-a349-6147c62dee64	138	NA
e60604b9-bf76-4952-9c78-4f91f8202898	342	NA
d35acd10-36b5-48cb-aeaf-19da73972bf3	42	NA
d433ce0f-717f-45ee-a565-7bfeed88a04d	60	NA
d5a6c890-87ba-4d19-94b3-af60bf87a80a	372	NA
e999adb9-e0c5-4150-8c59-1c0aa69ba75a	12	NA
e9a35956-6b2b-4e17-aeee-e6813a0ae6b5	84	NA
eb162024-6b2b-4c3d-8ca7-d4e81218676c	18	NA
ece206a6-1a8d-49f3-9843-5cff5c415945	120	NA
de93a5bd-c3f4-47b3-9c1b-6558a23e461b	126	NA
d64d7ac4-c82f-464a-a866-aef96cc22ad9	180	NA
ecfa3daa-f63c-4ee3-9619-6dd1542871a6	1608	NA
ed338257-f45e-4c4e-8eb2-f191f843d9f7	90	NA
f10118dd-213a-4a7d-9ed9-6ad74f1c3ffb	1116	NA
d744b790-a64b-43b9-878f-0bf7c0b0d6d3	384	NA
d9a0e3e3-c5f6-4b37-ad88-a5983e2a7b99	3858	NA
d9c40509-faa7-4678-b1e0-a2d85b30dc1e	588	NA
da903761-bf20-47ff-9341-4e85d503276b	156	NA
df4ae81a-85e0-41b1-9084-62a8eea19576	120	NA
dfc2667f-cd7a-4289-a986-89cf247d98b2	180	NA
f169c83e-851d-42cf-88da-8a1f0e0a6edf	2250	NA
da9095a6-811c-4368-9a73-380c52193dcd	1998	NA
dab0d6e6-431d-4648-916f-6075a9757749	3774	NA
de96dd09-7127-4486-9376-692dc825e914	18	NA
e0ba7c5c-0be2-4166-bae2-253925bea6e6	360	NA
e123a1cd-21ef-46b7-ad09-042a44d196a0	36	NA
e16968d7-f489-4673-bcf7-423ac0b76f29	1554	NA
e17426c1-4495-4f1a-b71b-e5c3c9c83100	84	NA
e218d953-f671-48af-a51f-80f5d8425f4b	30	NA
e26ebc42-75e8-442d-bf10-07d0eb1abb8d	42	NA
e2ae93ea-6365-4b59-9f59-97899c310e3a	3696	NA
e3154283-4118-48bb-98d7-3d03d7bab92b	108	NA
e3a6e93c-f60b-406e-b061-2205cba13a3f	1098	NA
e45d7416-3fa9-43e9-9596-e91ae1192546	48	NA
e4d25a76-d206-482d-8295-84d93bd1985b	228	NA
e5ee24b5-0305-4185-b0f4-73a3ca13396f	378	NA
e6507076-0be9-400d-8686-6404c35baf0c	246	NA
e52d877a-24b0-4c4b-8ba6-6e94928f993e	48	NA
ea458b6d-ebe7-4bf2-943a-0fdcbb2de471	36	NA
eaa43784-eb4e-4e5d-a22f-c2bdbb35a36e	180	NA
e6e95e42-1604-4201-bbfa-d9241790a9e0	186	NA
ece28298-2b32-4c28-b126-5966752ae7e1	30	NA
edbbadd3-c1d8-4967-833c-520c34ac6c4e	564	NA
e733b537-3e80-4098-b5d0-cdbd198918e0	2238	NA
e7676e6b-5dbe-4496-ab91-28f973f7159b	96	NA
e77ba099-8881-484b-bdd6-52ef8581fb2b	12	NA
e7a95909-4a8c-420e-bfd0-fb1ac91320c0	3456	NA
e7c1cffd-564b-4886-a909-1e9e9afd26d0	42	NA
e8636841-5116-441b-9fbe-8c2f94097b6f	30	NA
e956e1f5-83bc-4916-bc69-6fcb027315c9	210	NA
e97744f5-9d8b-4904-9c75-d9c1591f7f38	66	NA
ec098f37-1908-4cf4-b7cf-51d217a1f2d0	228	NA
ec0b4342-7962-4797-94ec-e78083aeb0be	156	NA
ec750e31-5e25-46e4-b81b-d7344588f58f	294	NA
ed6acca6-18ec-469a-b07f-c92361825e50	18	NA
ed6bf98b-1eb2-42a1-aea4-f923504db45b	420	NA
edec0c1b-d05d-4270-b727-a3878580ee42	156	NA
ef287c37-0c3a-4186-8f2c-f429bc1eb6df	366	NA
ef5f7199-fc1d-458d-8859-c90c18e96804	228	NA
f04b256e-1d96-4d6f-b721-8119f9e82fec	144	NA
f0f19a75-1bdf-4c0a-ac69-81e91c2b6054	78	NA
f8e201d0-010b-4fe4-87fd-0685a7d1ec7a	1404	NA
ff60c841-b525-46c9-aa1d-317ac7e1c15a	546	NA
f3423936-1f8f-4a19-81fa-0d2ca436ad44	120	NA
f3d74e01-59d2-4d69-bcaf-9a2442db328e	150	NA
f3f4e3d7-3601-4308-b3f4-7d9c7aa0722d	30	NA
f4a24270-3091-43c7-935f-cec5a5f16333	204	NA
f65d7281-4b35-4bd8-a348-55d13c9c08fb	66	NA
f69b7c42-5c46-41da-9d0d-a1673306bbd1	174	NA
f8f86183-1a1f-49b3-8350-86e4e13a94ba	12	NA
fa2b4cf1-f583-47ee-a752-103058353ae3	1908	NA
fb8ce2a9-6384-4ecb-a25b-16271a55beb0	978	NA
fea138ff-2ff2-41ed-bff7-2c99100b4d6b	60	NA
fecc2bcc-c788-41f0-8da8-4d8f2396dab7	642	NA
ff740fb6-e706-44fe-8d7a-38f62b01a0a8	2502	NA
f2267b9f-5036-4006-bf54-399da52a05ca	54	NA
f32f7ca1-33dd-46aa-90b9-c8076e960b8d	66	NA
f34b6828-c611-4451-bb33-915db924feb3	144	NA
f3557444-2606-459e-9b7a-c372e52469eb	732	NA
f39308e1-d9d0-4370-b893-b752da92fb9b	150	NA
f3dae091-1464-48f7-b3f6-2eb9c0af1f15	210	NA
f3eb13ae-24ea-4dbc-8e78-0cb4c763d76f	108	NA
f566838a-048f-40f4-8cef-d69e19c1a42e	2322	NA
f5fb5ebc-8c6e-4381-9fa1-933741fc8087	96	NA
f60b3c05-f1ac-4452-9a64-40b491839169	90	NA
f6811d5f-2759-4557-a47b-171124039479	54	NA
f6cb650a-3792-4310-886c-b01b56df5b34	120	NA
f6f83820-2d6c-4c8c-b7e8-23189f0d64e6	96	NA
f7960d43-eec8-4efe-a9e0-a8be262288cf	1242	NA
f7bc2725-f477-41cd-a2de-e8574d5c621f	408	NA
f807298c-0e0f-462b-b03c-0aef67c6e768	276	NA
f836f575-63b0-4611-bb7f-ec81f7e0e99b	126	NA
fb64fe0b-8712-4e4e-b15e-a805ac538bb5	228	NA
fdbfaba7-40ca-4dfc-aa84-e784f14aedd8	2676	NA
fed9e32c-538d-44d4-85a1-d016e2b3986e	6	NA
ff3a3c93-0dcf-483c-a835-371b6e8d569a	18	NA
fc451753-7e3f-47ae-9496-422e2a35f8d4	768	NA
f85b8c2d-31bf-4dfd-9fd8-714923501444	744	NA
fb875fd6-436d-41de-9254-80c99adc2b31	288	NA
fbfe722e-de43-49be-80ef-904fdc28e5ec	36	NA
fc8f32ee-3f56-40c9-bc5d-0cba325edb5d	30	NA
f9ac826e-d0dc-487f-9951-59d22e7c7469	1080	NA
f9ed5150-c72a-4089-aec5-59a5c948cb6e	228	NA
fb4bdee1-654c-4ba4-996c-167c021c7914	132	NA
fbcf3c6d-2229-4b78-8d77-9858d6c74d5d	6	NA
fbc0ec52-561b-4453-aa53-70236d4a909b	4236	NA
f8925a66-bc4b-4b45-a5b0-ac8065fee482	156	NA
f8740925-92a7-462d-a3f2-839d9539b52a	834	NA
fb45eea1-2422-4a04-927e-b2975107ecd0	30	NA
f827d1f3-a964-4e7c-8f52-eb47b325fef5	36	NA
f8da25a6-3326-4d34-964b-9790f2830c1f	1158	NA
facd9f26-cc50-45d0-b63d-53c3ab42803b	1062	NA
fc0e1438-8fc8-4dd0-a322-efa6247bd4c1	30	NA
fca75f97-0689-4d26-bbcb-8c00e52d7b56	3288	NA
